{
  "slug": "how-many-large-active-wildfires-will-nifc-report-i-44590",
  "question": "How many large active wildfires will NIFC report in its Incident Management Situation Report on July 24, 2026?",
  "question_type": "discrete",
  "probability": null,
  "probabilities": null,
  "median": 46.0,
  "confidence_interval": [
    32.0,
    61.0
  ],
  "percentiles": {
    "1": 22.0,
    "5": 28.0,
    "10": 32.0,
    "20": 37.0,
    "25": 39.0,
    "30": 41.0,
    "40": 44.0,
    "50": 46.0,
    "60": 49.0,
    "70": 52.0,
    "75": 53.0,
    "80": 55.0,
    "90": 61.0,
    "95": 67.0,
    "99": 76.0
  },
  "cdf": [
    0.0,
    0.0005494457,
    0.0010988913,
    0.001648337,
    0.0021977827,
    0.0027472283,
    0.003296674,
    0.0038461197,
    0.0043955653,
    0.004945011,
    0.0054944567,
    0.0060439023,
    0.006593348,
    0.0071427937,
    0.0076922393,
    0.008241685,
    0.0087911306,
    0.0093405763,
    0.009890022,
    0.0104398794,
    0.011003785,
    0.0117474516,
    0.0134017622,
    0.0170280967,
    0.0226264553,
    0.0291358438,
    0.0358381635,
    0.0427230573,
    0.0504620916,
    0.0600503947,
    0.0715044034,
    0.0840288169,
    0.0978194077,
    0.1140001618,
    0.1325586259,
    0.15222603,
    0.1722545612,
    0.1930317928,
    0.2153947344,
    0.2393611526,
    0.2643000897,
    0.290604193,
    0.3195983174,
    0.3517142761,
    0.3874514432,
    0.428230066,
    0.4718704855,
    0.5126684742,
    0.5486657587,
    0.5822625502,
    0.6154149162,
    0.6489547129,
    0.6842098257,
    0.7210694938,
    0.755047307,
    0.782321422,
    0.8037770989,
    0.821907047,
    0.8387614908,
    0.8553547142,
    0.8716883718,
    0.8868018655,
    0.8992742556,
    0.9091055421,
    0.9177169589,
    0.9260788442,
    0.9343095643,
    0.9419705806,
    0.9483990818,
    0.953595068,
    0.9582219018,
    0.9627363849,
    0.9672420879,
    0.9717472846,
    0.9762439885,
    0.9806320166,
    0.9844695088,
    0.9871148008,
    0.9885678926,
    0.9894704486,
    0.9902643288,
    0.9910497161,
    0.9918348545,
    0.9926199929,
    0.9934051313,
    0.9941902697,
    0.9949754081,
    0.9957605465,
    0.9965456848,
    0.9973308232,
    0.9981159616,
    0.9989011
  ],
  "numeric_bounds": {
    "range_min": -0.5,
    "range_max": 90.5,
    "open_lower_bound": false,
    "open_upper_bound": true,
    "zero_point": null
  },
  "factors": [
    {
      "description": "Current target-metric series is 46 (Jul 13), up from 38 (Jul 10) — strong recent momentum",
      "supports": {
        "center": 47.0,
        "low": 40.0,
        "high": 56.0
      },
      "logit": 1.0,
      "confidence": 0.85,
      "conditional": null,
      "effective_logit": 0.85
    },
    {
      "description": "Historical late-July counts 2020-2025 bimodal (25-33 normal years, 61-63 big years), mean ~40",
      "supports": {
        "center": 42.0,
        "low": 27.0,
        "high": 62.0
      },
      "logit": 0.0,
      "confidence": 0.8,
      "conditional": null,
      "effective_logit": 0.0
    },
    {
      "description": "2026 above-average season, PL4, heat dome expanding, elevated risk into late July",
      "supports": {
        "center": 49.0,
        "low": 42.0,
        "high": 63.0
      },
      "logit": 0.5,
      "confidence": 0.7,
      "conditional": null,
      "effective_logit": 0.35
    },
    {
      "description": "Monsoon moisture and containment could suppress activity; heat-dome spike may partly reverse over 11 days",
      "supports": {
        "center": 40.0,
        "low": 30.0,
        "high": 46.0
      },
      "logit": -0.4,
      "confidence": 0.6,
      "conditional": null,
      "effective_logit": -0.24
    },
    {
      "description": "Definitional risk: resolution total may add contained/managed fires (historically volatile), pushing count higher",
      "supports": {
        "center": 52.0,
        "low": 46.0,
        "high": 75.0
      },
      "logit": 0.3,
      "confidence": 0.45,
      "conditional": null,
      "effective_logit": 0.135
    }
  ],
  "summary": "Discrete count of active large fires in NIFC's IMSR on July 24, 2026. The question's target metric was 38 on July 10, and the same series rose to 44 (Jul 12) and 46 (Jul 13) — strong upward momentum in an above-average season (129-135% of 10-yr avg), PL4, with a heat dome expanding. Horizon is 11 days. Historical late-July (~Jul 22) headline counts 2020-2025 were 25,28,31,33,61,63 (bimodal: normal-year ~30, big-year ~62). 2026 currently sits mid-range and climbing. A Monte Carlo mean-reverting random walk from 46 (seasonal center ~46±8, daily shock σ 3-5.5, 11 days) yields P10≈32, median≈46, P90≈60. I fattened the upper tail modestly to reflect (a) possible continued heat-dome-driven escalation toward PL5 levels (60+) and (b) definitional risk that the resolution total could include contained/other-than-full-suppression managed fires, which historically add volatile mass. Downside comes from monsoon onset and containment reversing the recent spike.",
  "reasoning": "Forecast submitted.\n\n**Summary:** For the number of active large fires in NIFC's IMSR on July 24, 2026:\n\n- **Median: 46 fires** (P10: 32, P90: 61)\n- The target metric was 38 on July 10 and rose to 46 by July 13 — strong upward momentum in an above-average season (129-135% of the 10-year average, PL4, expanding heat dome).\n- Grounded in a Monte Carlo mean-reverting random walk from the current value of 46, calibrated against historical late-July counts (2020-2025 range: 25-63, bimodal between ~30 normal years and ~62 big years).\n- Upper tail modestly fattened to reflect possible PL5 escalation and a definitional risk (whether the resolution total adds contained/managed fires).\n\nThe premortem reviewer independently landed close to my center (~44-46 with a wide 32-60 spread) and approved with a warning about the definitional composition of the anchor — which I addressed by widening the upper tail rather than shifting the center.",
  "created_at": "2026-07-13T15:35:41.109347Z",
  "updated_at": "2026-07-13T15:35:41.109347Z",
  "stale_after": "2026-07-13T18:06:01Z",
  "resolvable_after": "2026-07-24T00:00:00Z",
  "state": "fresh",
  "superseded_by": null,
  "revision_history": [],
  "agent_version": "6.3.0",
  "parent_post_id": 44590,
  "parent_slug": null,
  "depth": 0,
  "tags": [
    "main-forecast"
  ],
  "cost_usd": 2.52923175,
  "duration_seconds": 490.731,
  "resolved": false,
  "resolution": null,
  "resolved_at": null,
  "resolution_source": null,
  "score": null
}