{
  "slug": "how-many-cumulative-confirmed-ebola-bundibugyo-vir-44581",
  "question": "How many cumulative confirmed Ebola (Bundibugyo virus) cases will the DRC have reported per WHO Disease Outbreak News by July 23, 2026?",
  "question_type": "numeric",
  "probability": null,
  "probabilities": null,
  "median": 2120.0,
  "confidence_interval": [
    1947.0,
    2439.0
  ],
  "percentiles": {
    "1": 1849.0,
    "5": 1910.0,
    "10": 1947.0,
    "20": 1996.0,
    "25": 2017.0,
    "30": 2037.0,
    "40": 2077.0,
    "50": 2120.0,
    "60": 2168.0,
    "70": 2228.0,
    "75": 2265.0,
    "80": 2309.0,
    "90": 2439.0,
    "95": 2566.0,
    "99": 2967.0
  },
  "cdf": [
    0.0010988,
    0.003043264,
    0.004988317,
    0.006952988,
    0.0091590585,
    0.0124762644,
    0.0177565486,
    0.0244440067,
    0.0315876799,
    0.0389479364,
    0.0471666569,
    0.05759351,
    0.070708243,
    0.0856056708,
    0.1025589526,
    0.1224891059,
    0.1442955333,
    0.1666768159,
    0.1896740912,
    0.2139208576,
    0.2395652553,
    0.266183998,
    0.2932988199,
    0.3205829696,
    0.3478717401,
    0.3749940075,
    0.4016007114,
    0.4274999727,
    0.4529553055,
    0.4780387091,
    0.5023556013,
    0.525737798,
    0.5486055903,
    0.5711363559,
    0.5926085176,
    0.6123086667,
    0.6308675137,
    0.6491234967,
    0.6672445781,
    0.6848502318,
    0.7013479021,
    0.7167188339,
    0.7313902121,
    0.7453374996,
    0.7583954088,
    0.7709028061,
    0.7829573042,
    0.7939269597,
    0.8034058209,
    0.8120438942,
    0.8204995553,
    0.8289404,
    0.8373808,
    0.8458212,
    0.8542616,
    0.8627017835,
    0.8711344661,
    0.8794688251,
    0.8872779422,
    0.893841992,
    0.8990258571,
    0.9035226715,
    0.907878503,
    0.9122231339,
    0.9165674331,
    0.9209117323,
    0.9252560315,
    0.9295999483,
    0.9339311532,
    0.9381065199,
    0.941571574,
    0.9438122145,
    0.9452223241,
    0.9463938111,
    0.9475338167,
    0.9486718953,
    0.9498099272,
    0.9509479591,
    0.952085991,
    0.9532240229,
    0.9543620549,
    0.9555000868,
    0.9566381187,
    0.9577761506,
    0.9589141825,
    0.9600522145,
    0.9611902464,
    0.9623282783,
    0.9634663102,
    0.9646043421,
    0.9657423741,
    0.966880406,
    0.9680184379,
    0.9691564698,
    0.9702945017,
    0.9714325337,
    0.9725705656,
    0.9737085975,
    0.9748466294,
    0.9759846613,
    0.9771226933,
    0.9782607252,
    0.9793987571,
    0.9805367142,
    0.981672135,
    0.9827754711,
    0.9837205409,
    0.984339814,
    0.9846545458,
    0.9848364656,
    0.9849930113,
    0.9851476028,
    0.9853021376,
    0.9854566724,
    0.9856112072,
    0.985765742,
    0.9859202768,
    0.9860748116,
    0.9862293464,
    0.9863838812,
    0.986538416,
    0.9866929508,
    0.9868474856,
    0.9870020204,
    0.9871565552,
    0.98731109,
    0.9874656248,
    0.9876201596,
    0.9877746944,
    0.9879292292,
    0.988083764,
    0.9882382988,
    0.9883928336,
    0.9885473684,
    0.9887019032,
    0.988856438,
    0.9890109728,
    0.9891655076,
    0.9893200424,
    0.9894745772,
    0.989629112,
    0.9897836468,
    0.9899381816,
    0.9900927164,
    0.9902472512,
    0.990401786,
    0.9905563208,
    0.9907108556,
    0.9908653904,
    0.9910199252,
    0.99117446,
    0.9913289948,
    0.9914835296,
    0.9916380644,
    0.9917925992,
    0.991947134,
    0.9921016688,
    0.9922562036,
    0.9924107384,
    0.9925652732,
    0.992719808,
    0.9928743428,
    0.9930288776,
    0.9931834124,
    0.9933379472,
    0.993492482,
    0.9936470168,
    0.9938015516,
    0.9939560864,
    0.9941106212,
    0.994265156,
    0.9944196908,
    0.9945742256,
    0.9947287604,
    0.9948832952,
    0.99503783,
    0.9951923648,
    0.9953468996,
    0.9955014344,
    0.9956559692,
    0.995810504,
    0.9959650388,
    0.9961195736,
    0.9962741084,
    0.9964286432,
    0.996583178,
    0.9967377128,
    0.9968922476,
    0.9970467824,
    0.9972013172,
    0.997355852,
    0.9975103868,
    0.9976649216,
    0.9978194564,
    0.9979739912,
    0.998128526,
    0.9982830608,
    0.9984375956,
    0.9985921304,
    0.9987466652,
    0.9989012
  ],
  "numeric_bounds": {
    "range_min": 1792.0,
    "range_max": 4000.0,
    "open_lower_bound": true,
    "open_upper_bound": true,
    "zero_point": null
  },
  "factors": [
    {
      "description": "Recent growth ~42-50/day, linear (flat daily increments despite rising base) -> extrapolation from 1792 (Jul 8) to a mid-July as-of date",
      "supports": {
        "center": 2100.0,
        "low": 1980.0,
        "high": 2300.0
      },
      "logit": 0.0,
      "confidence": 0.75,
      "conditional": null,
      "effective_logit": 0.0
    },
    {
      "description": "As-of date uncertainty: next WHO DON (~mid-July) gives ~2050-2200; later DON/ECDC fallback (~Jul 22) gives ~2350-2450",
      "supports": {
        "center": 2150.0,
        "low": 1950.0,
        "high": 2450.0
      },
      "logit": 0.0,
      "confidence": 0.7,
      "conditional": null,
      "effective_logit": 0.0
    },
    {
      "description": "No proven Bundibugyo vaccine + PHEIC-scale spread -> reacceleration risk creating fat upper tail",
      "supports": {
        "center": 2600.0,
        "low": 2200.0,
        "high": 3000.0
      },
      "logit": 0.0,
      "confidence": 0.35,
      "conditional": null,
      "effective_logit": 0.0
    }
  ],
  "summary": "Resolution = DRC confirmed Ebola (Bundibugyo) count in the most recent WHO DON on/before July 23, 2026 (or ECDC fallback for most recent date ≤July 23). Last WHO DON (DON612, ~Jul 2 as-of, 1,460 confirmed); ECDC 1,792 as of Jul 8. Recent growth is roughly linear ~45/day (daily increments flat despite rising base, so sub-exponential). The resolving figure depends mainly on the as-of date of the next DON: a mid-July DON (~Jul 13-16 as-of) implies ~2,050-2,200; a later DON or ECDC fallback (~Jul 22 as-of) implies ~2,350-2,450. Monte Carlo mixture (60% linear ~45/day, 25% deceleration from response, 15% exponential reacceleration given no proven BDBV vaccine) over the as-of-date distribution yields median ~2,120, P10 ~1,950, P90 ~2,440, with a fat upper tail (P99 ~2,970). The 4,000 upper bound would require ~3x the current daily rate — near-impossible in this 2-week window.",
  "reasoning": "Forecast submitted.\n\n**Summary:** This asks for the cumulative DRC confirmed Bundibugyo Ebola case count in the most recent WHO Disease Outbreak News on/before July 23, 2026 (with ECDC fallback).\n\n**Key reasoning:**\n- Anchor: 1,792 confirmed as of July 8 (ECDC), the last hard data point\n- Recent growth is roughly **linear at ~45/day** (daily increments stayed flat ~42-50/day despite a rising base, indicating sub-exponential growth)\n- The dominant uncertainty is the **\"as-of\" date of the resolving figure**: a mid-July WHO DON implies ~2,050-2,200; a later DON or ECDC fallback (~July 22) implies ~2,350-2,450\n- A Monte Carlo mixture (60% linear, 25% deceleration from PHEIC response, 15% exponential reacceleration given no proven BDBV vaccine) produced:\n\n**Median ~2,120**, with P10 ~1,950 and P90 ~2,440. The upper tail is fat (P99 ~2,970) to capture reacceleration risk, but the question's 4,000 ceiling would require ~3x the current daily rate — effectively out of reach in this ~2-week window.",
  "created_at": "2026-07-13T11:05:10.883290Z",
  "updated_at": "2026-07-13T11:05:10.883290Z",
  "stale_after": "2026-07-13T13:54:58Z",
  "resolvable_after": "2026-07-23T23:59:00Z",
  "state": "fresh",
  "superseded_by": null,
  "revision_history": [],
  "agent_version": "6.3.0",
  "parent_post_id": 44581,
  "parent_slug": null,
  "depth": 0,
  "tags": [
    "main-forecast"
  ],
  "cost_usd": 2.44503375,
  "duration_seconds": 224.24,
  "resolved": false,
  "resolution": null,
  "resolved_at": null,
  "resolution_source": null,
  "score": null
}