{
  "slug": "how-many-cumulative-ebola-related-deaths-will-ecdc-44597",
  "question": "How many cumulative Ebola-related deaths will ECDC report for the DRC/Uganda Bundibugyo outbreak in its late-July 2026 Communicable Disease Threats Report?",
  "question_type": "discrete",
  "probability": null,
  "probabilities": null,
  "median": 918.0,
  "confidence_interval": [
    808.0,
    1045.0
  ],
  "percentiles": {
    "1": 716.0,
    "5": 777.0,
    "10": 808.0,
    "20": 845.0,
    "25": 860.0,
    "30": 873.0,
    "40": 896.0,
    "50": 918.0,
    "60": 939.0,
    "70": 964.0,
    "75": 978.0,
    "80": 995.0,
    "90": 1045.0,
    "95": 1098.0,
    "97": 1144.0,
    "99": 1295.0
  },
  "cdf": [
    0.0010988,
    0.0028952739,
    0.0046917477,
    0.00648929,
    0.0083226714,
    0.0106022469,
    0.0149999413,
    0.0234660965,
    0.035934193,
    0.053195954,
    0.0787673697,
    0.115753312,
    0.1648505884,
    0.2246436411,
    0.295535677,
    0.376745965,
    0.4642060889,
    0.5528168902,
    0.6369387637,
    0.7116911547,
    0.7736492467,
    0.8228051552,
    0.8626508466,
    0.894390244,
    0.9179392948,
    0.9357097255,
    0.9491172405,
    0.9587323051,
    0.9653200684,
    0.969562065,
    0.9726767832,
    0.9755572371,
    0.9784188258,
    0.981276779,
    0.9840966196,
    0.9867378345,
    0.9890495133,
    0.9911035602,
    0.9930650896,
    0.9950112079,
    0.9969562193,
    0.9989012
  ],
  "numeric_bounds": {
    "range_min": 590.0,
    "range_max": 1410.0,
    "open_lower_bound": true,
    "open_upper_bound": true,
    "zero_point": null
  },
  "factors": [
    {
      "description": "Freshest anchor: NICD DRC 702 deaths as of Jul 11 (+~2 Uganda); cumulative floor for any late-July data cut.",
      "supports": {
        "center": 704.0,
        "low": 702.0,
        "high": 704.0
      },
      "logit": 0.0,
      "confidence": 1.0,
      "conditional": null,
      "effective_logit": 0.0
    },
    {
      "description": "Consistent multi-source trajectory (CDC 580 Jul6 -> ECDC 625 Jul8 -> NICD 702 Jul11) implies ~24 deaths/day sustained over the ~10-day horizon to the Jul 22 data cut.",
      "supports": {
        "center": 940.0,
        "low": 850.0,
        "high": 1020.0
      },
      "logit": 1.2,
      "confidence": 0.75,
      "conditional": null,
      "effective_logit": 0.8999999999999999
    },
    {
      "description": "Response efforts (PARTNERS trial) and natural epidemic peaking could decelerate the death rate, pulling toward ~830-870.",
      "supports": {
        "center": 850.0,
        "low": 780.0,
        "high": 900.0
      },
      "logit": -0.4,
      "confidence": 0.5,
      "conditional": null,
      "effective_logit": -0.2
    },
    {
      "description": "ECDC-specific reporting lag or reclassification catch-up adds tail uncertainty in both directions.",
      "supports": {
        "center": 918.0,
        "low": 780.0,
        "high": 1250.0
      },
      "logit": 0.2,
      "confidence": 0.4,
      "conditional": null,
      "effective_logit": 0.08000000000000002
    }
  ],
  "summary": "Forecasting ECDC's cumulative Bundibugyo Ebola death figure in the first CDTR published on/after July 22, 2026 (likely the Fri July 24 CDTR, data cut ~July 22). Re-anchored on the freshest data point (NICD DRC = 702 deaths as of July 11, +Uganda ~2), with the trajectory CDC 580 (Jul 6) → ECDC 625 (Jul 8) → NICD 702 (Jul 11) confirming a consistent ~24 deaths/day. Monte Carlo over ~10-day horizon with mixture of sustained/decelerating/accelerating rates, data-cut-date uncertainty, a 12% ECDC-lag component, and a 5% reclassification surge tail. The apparent 'ECDC +25/week' increment is a lagging-snapshot artifact, not the true cadence, so it was excluded. Result: median ~918, P10 808, P90 1045, floor near 702 (cumulative), right-skewed upper tail to ~1300 at P99.",
  "reasoning": "I've submitted my forecast for ECDC's cumulative Bundibugyo Ebola death figure in the late-July 2026 CDTR.\n\n**Forecast summary:**\n- **Median: ~918 deaths** (P10: 808, P90: 1045)\n\n**Key reasoning:**\n- The premortem reviewer caught a critical fresh data point I'd initially missed: NICD reported **702 DRC deaths as of July 11**, +77 from ECDC's 625 (July 8) in just 3 days ≈ 26/day.\n- The multi-source trajectory is remarkably consistent: CDC 580 (Jul 6) → ECDC 625 (Jul 8) → NICD 702 (Jul 11), all implying **~24 deaths/day**.\n- The apparent \"ECDC +25/week\" increment was a **lagging-snapshot artifact**, not the real accumulation rate — so I excluded that downward pull.\n- Projecting ~24/day over the ~10-day horizon to the July 22 data cut (resolving in the Fri July 24 CDTR), with mixture scenarios for deceleration (response/PARTNERS trial), acceleration, ECDC reporting lag, and rare reclassification surges.\n- Distribution floored near 702 (cumulative deaths can't fall) with a right-skewed upper tail (~1300 at P99), consistent with the creator's 590–1410 range.",
  "created_at": "2026-07-13T22:20:30.071172Z",
  "updated_at": "2026-07-13T22:20:30.071172Z",
  "stale_after": "2026-07-14T00:18:57Z",
  "resolvable_after": "2026-07-24T00:00:00Z",
  "state": "fresh",
  "superseded_by": null,
  "revision_history": [],
  "agent_version": "6.3.0",
  "parent_post_id": 44597,
  "parent_slug": null,
  "depth": 0,
  "tags": [
    "main-forecast"
  ],
  "cost_usd": 2.886147,
  "duration_seconds": 311.676,
  "resolved": false,
  "resolution": null,
  "resolved_at": null,
  "resolution_source": null,
  "score": null
}