{
  "slug": "how-many-barrels-of-oil-will-be-in-the-us-strategi-44206",
  "question": "How many barrels of oil will be in the US Strategic Petroleum Reserve at the end of the second week of August 2026?",
  "question_type": "numeric",
  "probability": null,
  "probabilities": null,
  "median": 303000.0,
  "confidence_interval": [
    267000.0,
    324000.0
  ],
  "percentiles": {
    "1": 260000.0,
    "5": 264000.0,
    "10": 267000.0,
    "20": 279000.0,
    "25": 285000.0,
    "30": 290000.0,
    "40": 297000.0,
    "50": 303000.0,
    "60": 308000.0,
    "70": 313000.0,
    "75": 315000.0,
    "80": 318000.0,
    "90": 324000.0,
    "95": 329000.0,
    "99": 337000.0
  },
  "cdf": [
    0.4456,
    0.4580003306,
    0.4704116078,
    0.4829562432,
    0.496098548,
    0.5102262432,
    0.5249516078,
    0.5398103306,
    0.55468,
    0.56955,
    0.58442,
    0.59929,
    0.61416,
    0.62903,
    0.6439003306,
    0.6587817731,
    0.6738020471,
    0.6894858432,
    0.7064264976,
    0.7241241215,
    0.7407597645,
    0.7550095574,
    0.7677709804,
    0.7801991736,
    0.7926,
    0.805,
    0.8174,
    0.8298,
    0.8422,
    0.8545993389,
    0.8669767844,
    0.8790875137,
    0.890002904,
    0.8989475137,
    0.9066967844,
    0.9141791736,
    0.9216338655,
    0.9290102706,
    0.9359544828,
    0.9418083304,
    0.9463779529,
    0.9502832269,
    0.9540496694,
    0.957805,
    0.96156,
    0.965315,
    0.9690696752,
    0.9728134332,
    0.9764207923,
    0.9793754438,
    0.9810683724,
    0.981690042,
    0.9818870916,
    0.9820078757,
    0.9821229575,
    0.982237877,
    0.9823527965,
    0.9824677159,
    0.9825826354,
    0.9826975549,
    0.9828124743,
    0.9829273938,
    0.9830423133,
    0.9831572327,
    0.9832721522,
    0.9833870717,
    0.9835019912,
    0.9836169106,
    0.9837318301,
    0.9838467496,
    0.983961669,
    0.9840765885,
    0.984191508,
    0.9843064274,
    0.9844213469,
    0.9845362664,
    0.9846511858,
    0.9847661053,
    0.9848810248,
    0.9849959442,
    0.9851108637,
    0.9852257832,
    0.9853407027,
    0.9854556221,
    0.9855705416,
    0.9856854611,
    0.9858003805,
    0.9859153,
    0.9860302195,
    0.9861451389,
    0.9862600584,
    0.9863749779,
    0.9864898973,
    0.9866048168,
    0.9867197363,
    0.9868346558,
    0.9869495752,
    0.9870644947,
    0.9871794142,
    0.9872943336,
    0.9874092531,
    0.9875241726,
    0.987639092,
    0.9877540115,
    0.987868931,
    0.9879838504,
    0.9880987699,
    0.9882136894,
    0.9883286088,
    0.9884435283,
    0.9885584478,
    0.9886733673,
    0.9887882867,
    0.9889032062,
    0.9890181257,
    0.9891330451,
    0.9892479646,
    0.9893628841,
    0.9894778035,
    0.989592723,
    0.9897076425,
    0.9898225619,
    0.9899374814,
    0.9900524009,
    0.9901673204,
    0.9902822398,
    0.9903971593,
    0.9905120788,
    0.9906269982,
    0.9907419177,
    0.9908568372,
    0.9909717566,
    0.9910866761,
    0.9912015956,
    0.991316515,
    0.9914314345,
    0.991546354,
    0.9916612735,
    0.9917761929,
    0.9918911124,
    0.9920060319,
    0.9921209513,
    0.9922358708,
    0.9923507903,
    0.9924657097,
    0.9925806292,
    0.9926955487,
    0.9928104681,
    0.9929253876,
    0.9930403071,
    0.9931552265,
    0.993270146,
    0.9933850655,
    0.993499985,
    0.9936149044,
    0.9937298239,
    0.9938447434,
    0.9939596628,
    0.9940745823,
    0.9941895018,
    0.9943044212,
    0.9944193407,
    0.9945342602,
    0.9946491796,
    0.9947640991,
    0.9948790186,
    0.9949939381,
    0.9951088575,
    0.995223777,
    0.9953386965,
    0.9954536159,
    0.9955685354,
    0.9956834549,
    0.9957983743,
    0.9959132938,
    0.9960282133,
    0.9961431327,
    0.9962580522,
    0.9963729717,
    0.9964878912,
    0.9966028106,
    0.9967177301,
    0.9968326496,
    0.996947569,
    0.9970624885,
    0.997177408,
    0.9972923274,
    0.9974072469,
    0.9975221664,
    0.9976370858,
    0.9977520053,
    0.9978669248,
    0.9979818442,
    0.9980967637,
    0.9982116832,
    0.9983266027,
    0.9984415221,
    0.9985564416,
    0.9986713611,
    0.9987862805,
    0.9989012
  ],
  "numeric_bounds": {
    "range_min": 300000.0,
    "range_max": 450000.0,
    "open_lower_bound": true,
    "open_upper_bound": true,
    "zero_point": null
  },
  "factors": [
    {
      "description": "SPR drawing down steadily ~8,300k/week for 10+ weeks (confirmed EIA); 331,191k on 6/19, ~325,700k on 6/26 \u2014 pure continuation lands ~267-270k by mid-Aug",
      "supports": {
        "center": 290000.0,
        "low": 267000.0,
        "high": 320000.0
      },
      "logit": 0.0,
      "confidence": 0.95,
      "conditional": null,
      "effective_logit": 0.0
    },
    {
      "description": "Hormuz crisis resolved (Strait reopened, WTI $115->$80); 'cudgel worked' reduces motivation to keep draining 40-yr-low reserve, draws likely decelerate/stop",
      "supports": {
        "center": 315000.0,
        "low": 302000.0,
        "high": 328000.0
      },
      "logit": 0.0,
      "confidence": 0.7,
      "conditional": null,
      "effective_logit": 0.0
    },
    {
      "description": "Analysts project SPR could hit operational minimums 'as early as August'; ~82M of 172M authorized release remains -> contracted deliveries may grind on at full rate",
      "supports": {
        "center": 278000.0,
        "low": 265000.0,
        "high": 298000.0
      },
      "logit": 0.0,
      "confidence": 0.6,
      "conditional": null,
      "effective_logit": 0.0
    },
    {
      "description": "No confirmed refill activity; refill is slow, very unlikely to push level above ~330k within 7 weeks (caps upside)",
      "supports": {
        "center": 305000.0,
        "low": 292000.0,
        "high": 328000.0
      },
      "logit": 0.0,
      "confidence": 0.7,
      "conditional": null,
      "effective_logit": 0.0
    }
  ],
  "summary": "SPR crude (EIA WCSSTUS1) at end of Week 2 August 2026 (~Aug 14 data point), ~7 weeks from the ~325,700k level (week ending 6/26; 331,191k confirmed 6/19). The reserve has drawn down steadily at ~8,300k/week for 10+ weeks following the March 2026 Hormuz crisis (172M-barrel authorized emergency release, ~90M executed). Key tension: the crisis has resolved (Strait reopened, WTI fell $115->$80, \"cudgel worked\"), arguing draws stop soon and the level holds near 320-328k; versus contracted deliveries (~82M authorized remaining) plus analyst expectations of hitting operational minimums by August, arguing continued draws toward 267-290k. Monte Carlo with a hazard-based stop model, blended across persist/base/quick-stop scenarios, yields a median ~303k, P10 ~268k, P90 ~325k, with ~42% probability below 300k. Upper tail capped ~338k (no refill momentum likely within 7 weeks); lower floor ~262k (full continuation at max contracted rate). Center nudged ~3k below raw sim per reviewer note that confirmed data shows no deceleration yet.",
  "reasoning": "Forecast submitted.\n\n**Summary:** The US Strategic Petroleum Reserve has been drawing down steadily at ~8,300k barrels/week for 10+ weeks following the March 2026 Hormuz crisis emergency release, sitting at ~325,700k as of the week ending June 26 (331,191k confirmed June 19). With ~7 weeks to the resolution date (~Aug 14), the outcome hinges on whether the emergency draws stop now that the crisis has resolved (WTI back to $80, Strait reopened) or continue as contracted deliveries grind through the remaining ~82M of the authorized 172M release.\n\nMy Monte Carlo scenario mixture gives:\n- **Median: ~303,000** thousand barrels\n- **P10: ~267,000 / P90: ~324,000**\n- ~42% probability below 300,000\n\nThe distribution sits defensibly between the full-continuation case (~268k) and the immediate-stop case (~326k), with both tails carrying real mass, fully within the open bounds.",
  "created_at": "2026-06-30T15:25:01.604790Z",