{
  "slug": "what-will-tac-chain-s-defi-tvl-per-defillama-be-on-44563",
  "question": "What will TAC chain's DeFi TVL (per DefiLlama) be on July 23, 2026?",
  "question_type": "numeric",
  "probability": null,
  "probabilities": null,
  "median": 645000.0,
  "confidence_interval": [
    292000.0,
    896000.0
  ],
  "percentiles": {
    "1": 150000.0,
    "5": 227000.0,
    "10": 292000.0,
    "20": 397000.0,
    "25": 449000.0,
    "30": 498000.0,
    "40": 584000.0,
    "50": 645000.0,
    "60": 699000.0,
    "70": 751000.0,
    "75": 779000.0,
    "80": 810000.0,
    "90": 896000.0,
    "95": 978000.0,
    "99": 1170000.0
  },
  "cdf": [
    0.0365423377,
    0.0440688815,
    0.0524425211,
    0.0621542181,
    0.0726604042,
    0.0834059107,
    0.0945065372,
    0.1063910141,
    0.119115721,
    0.1322493294,
    0.145465908,
    0.1586890634,
    0.1719129349,
    0.185143197,
    0.1984024313,
    0.2117116372,
    0.2250651694,
    0.2385040061,
    0.2521684648,
    0.266136753,
    0.2803477209,
    0.2949647768,
    0.3102820573,
    0.3261642981,
    0.3422591507,
    0.3584076899,
    0.3747747984,
    0.3922059365,
    0.4118234227,
    0.4334824574,
    0.4560726741,
    0.4791092151,
    0.5029689518,
    0.5279044947,
    0.5534546897,
    0.5792517031,
    0.6053524903,
    0.6317858849,
    0.6583223657,
    0.6845554882,
    0.7100528835,
    0.734553886,
    0.7578453188,
    0.7795445786,
    0.7990257882,
    0.8163890439,
    0.8327430961,
    0.8488827074,
    0.8648639763,
    0.8800209114,
    0.892983791,
    0.9032379997,
    0.9120517597,
    0.9205498561,
    0.9288809037,
    0.9364641109,
    0.9423302407,
    0.9463547809,
    0.949483104,
    0.9524295754,
    0.9553616667,
    0.9582933333,
    0.961225,
    0.9641566667,
    0.9670883333,
    0.97002,
    0.9729513984,
    0.975873804,
    0.9786844096,
    0.980966592,
    0.9822548891,
    0.9827381274,
    0.9829190698,
    0.9830478284,
    0.9831727646,
    0.9832975934,
    0.9834224223,
    0.9835472511,
    0.98367208,
    0.9837969089,
    0.9839217377,
    0.9840465666,
    0.9841713954,
    0.9842962243,
    0.9844210531,
    0.984545882,
    0.9846707108,
    0.9847955397,
    0.9849203685,
    0.9850451974,
    0.9851700262,
    0.9852948551,
    0.9854196839,
    0.9855445128,
    0.9856693416,
    0.9857941705,
    0.9859189993,
    0.9860438282,
    0.986168657,
    0.9862934859,
    0.9864183148,
    0.9865431436,
    0.9866679725,
    0.9867928013,
    0.9869176302,
    0.987042459,
    0.9871672879,
    0.9872921167,
    0.9874169456,
    0.9875417744,
    0.9876666033,
    0.9877914321,
    0.987916261,
    0.9880410898,
    0.9881659187,
    0.9882907475,
    0.9884155764,
    0.9885404052,
    0.9886652341,
    0.988790063,
    0.9889148918,
    0.9890397207,
    0.9891645495,
    0.9892893784,
    0.9894142072,
    0.9895390361,
    0.9896638649,
    0.9897886938,
    0.9899135226,
    0.9900383515,
    0.9901631803,
    0.9902880092,
    0.990412838,
    0.9905376669,
    0.9906624957,
    0.9907873246,
    0.9909121534,
    0.9910369823,
    0.9911618111,
    0.99128664,
    0.9914114689,
    0.9915362977,
    0.9916611266,
    0.9917859554,
    0.9919107843,
    0.9920356131,
    0.992160442,
    0.9922852708,
    0.9924100997,
    0.9925349285,
    0.9926597574,
    0.9927845862,
    0.9929094151,
    0.9930342439,
    0.9931590728,
    0.9932839016,
    0.9934087305,
    0.9935335593,
    0.9936583882,
    0.993783217,
    0.9939080459,
    0.9940328748,
    0.9941577036,
    0.9942825325,
    0.9944073613,
    0.9945321902,
    0.994657019,
    0.9947818479,
    0.9949066767,
    0.9950315056,
    0.9951563344,
    0.9952811633,
    0.9954059921,
    0.995530821,
    0.9956556498,
    0.9957804787,
    0.9959053075,
    0.9960301364,
    0.9961549652,
    0.9962797941,
    0.996404623,
    0.9965294518,
    0.9966542807,
    0.9967791095,
    0.9969039384,
    0.9970287672,
    0.9971535961,
    0.9972784249,
    0.9974032538,
    0.9975280826,
    0.9976529115,
    0.9977777403,
    0.9979025692,
    0.998027398,
    0.9981522269,
    0.9982770557,
    0.9984018846,
    0.9985267134,
    0.9986515423,
    0.9987763711,
    0.9989012
  ],
  "numeric_bounds": {
    "range_min": 200000.0,
    "range_max": 3000000.0,
    "open_lower_bound": true,
    "open_upper_bound": true,
    "zero_point": null
  },
  "factors": [
    {
      "description": "Current TVL ~$816K, down from $1.64M a week ago and $2.8M mid-June — sustained decline for a post-exploit dying chain",
      "supports": {
        "center": 650000.0,
        "low": 300000.0,
        "high": 900000.0
      },
      "logit": -1.0,
      "confidence": 0.8,
      "conditional": null,
      "effective_logit": -0.8
    },
    {
      "description": "Last 2 days flat at $816,130 identical — possible stabilization at a sticky-holder floor after mercenary liquidity exit",
      "supports": {
        "center": 780000.0,
        "low": 600000.0,
        "high": 850000.0
      },
      "logit": 0.5,
      "confidence": 0.5,
      "conditional": null,
      "effective_logit": 0.25
    },
    {
      "description": "Discrete large withdrawal events drive the decline; another within 10 days could push TVL to 300-500K",
      "supports": {
        "center": 500000.0,
        "low": 250000.0,
        "high": 700000.0
      },
      "logit": -0.6,
      "confidence": 0.6,
      "conditional": null,
      "effective_logit": -0.36
    },
    {
      "description": "USD-denominated TVL partly priced via crashed token; a small-cap bounce adds upside volatility",
      "supports": {
        "center": 900000.0,
        "low": 800000.0,
        "high": 1300000.0
      },
      "logit": 0.3,
      "confidence": 0.4,
      "conditional": null,
      "effective_logit": 0.12
    }
  ],
  "summary": "TAC is a post-exploit Cosmos-EVM chain that has lost 99.9% of its peak TVL. DefiLlama's daily series shows current TVL ~$816,130 (July 13), down from $1.64M a week earlier and $2.8M in mid-June — a decline driven by discrete large-withdrawal jumps (June 24, July 9-10) punctuating flat plateaus. Over the 10-day horizon to July 23, a bootstrap Monte Carlo mixing full-regime-with-jumps (45%), steep-recent (15%), and stabilization (40%) scenarios yields median ~$645K, P10 ~$292K, P90 ~$896K. The last two days were flat at exactly $816,130, supporting partial stabilization now that mercenary liquidity has exited, but ongoing 40-90% weekly protocol declines and jump risk keep the center below current value with wide two-sided open bounds. TVL is USD-denominated and partly token-price-driven, adding two-sided volatility.",
  "reasoning": "I've submitted my forecast for TAC chain's DeFi TVL on July 23, 2026.\n\n**Summary:**\n- **Median: ~$645,000** (below the current $816K, reflecting the strong post-exploit decline)\n- **P10–P90 range: ~$292K to ~$896K**\n\n**Key reasoning:**\n- TAC is a post-exploit chain that has bled 99.9% of its peak TVL. DefiLlama's daily series shows it falling from ~$2.8M (mid-June) → $1.64M (July 7) → $816K (July 13).\n- The decline is punctuated by discrete large-withdrawal jumps (June 24, July 9-10) between flat plateaus, so I used a bootstrap Monte Carlo that captures this jump-diffusion behavior.\n- The last two days were flat at exactly $816,130, giving some weight to stabilization (40% of the mixture), balanced against continued-bleed and jump scenarios.\n- Both bounds are open, and I placed meaningful mass below $200K (another withdrawal) and above $1M (token-price bounce / inflows), since USD-denominated TVL carries two-sided token-price volatility.\n\nThe premortem reviewer approved (warn-level, hygiene-only flags for numbers that actually originated in the question description).",
  "created_at": "2026-07-13T01:55:30.670929Z",
  "updated_at": "2026-07-13T01:55:30.670929Z",
  "stale_after": "2026-07-13T04:43:48Z",
  "resolvable_after": "2026-07-24T00:00:00Z",
  "state": "fresh",