{
  "slug": "what-will-the-u-s-10-year-treasury-constant-maturi-44574",
  "question": "What will the U.S. 10-year Treasury constant maturity yield (DGS10) be on July 23, 2026?",
  "question_type": "discrete",
  "probability": null,
  "probabilities": null,
  "median": 4.54,
  "confidence_interval": [
    4.26,
    4.82
  ],
  "percentiles": {
    "1": 4.03,
    "5": 4.18,
    "10": 4.26,
    "20": 4.36,
    "25": 4.39,
    "30": 4.43,
    "40": 4.48,
    "50": 4.54,
    "60": 4.59,
    "70": 4.65,
    "75": 4.69,
    "80": 4.72,
    "90": 4.82,
    "95": 4.9,
    "99": 5.05
  },
  "cdf": [
    0.0010988,
    0.0039831321,
    0.0068628021,
    0.0097188008,
    0.0125235386,
    0.0152770153,
    0.0180068206,
    0.0207319533,
    0.0234567207,
    0.0261814775,
    0.0289062342,
    0.031630991,
    0.0343557477,
    0.0370805045,
    0.0398052613,
    0.0425302549,
    0.0452633306,
    0.0480998247,
    0.0514602219,
    0.0559551454,
    0.061584595,
    0.0677379477,
    0.0739947189,
    0.08025982,
    0.0865336159,
    0.0929156405,
    0.0998459357,
    0.1079635258,
    0.1172684108,
    0.1271215664,
    0.1370829506,
    0.1470527928,
    0.1570228829,
    0.1669934137,
    0.1769789809,
    0.1871569545,
    0.198309356,
    0.2115631062,
    0.2268073489,
    0.2424171054,
    0.2569005476,
    0.2700967254,
    0.2829006116,
    0.2966807851,
    0.3128261507,
    0.3313456102,
    0.3509540928,
    0.3706828294,
    0.3899411302,
    0.4081445536,
    0.4252926038,
    0.4419535227,
    0.4585257566,
    0.4751866754,
    0.4923347256,
    0.5105381491,
    0.5297967253,
    0.5495351351,
    0.5692735449,
    0.5885321212,
    0.6067355446,
    0.6238835948,
    0.6405440179,
    0.65709884,
    0.6735258899,
    0.6893435299,
    0.7038422288,
    0.7170311089,
    0.7297310533,
    0.7429194926,
    0.7574027144,
    0.7730124709,
    0.7882567136,
    0.8015104638,
    0.8126628653,
    0.8228408389,
    0.8328264061,
    0.8427969369,
    0.852767027,
    0.8627368692,
    0.8726982534,
    0.8825514091,
    0.891856294,
    0.8999738841,
    0.9069041793,
    0.9132862039,
    0.9195599998,
    0.9258251009,
    0.9320818721,
    0.9382352248,
    0.9438646745,
    0.9483595979,
    0.9517199951,
    0.9545564892,
    0.9572895649,
    0.9600145586,
    0.9627393153,
    0.9654640721,
    0.9681888288,
    0.9709135856,
    0.9736383423,
    0.9763630991,
    0.9790877986,
    0.9818105433,
    0.9845082752,
    0.9870792957,
    0.9893759191,
    0.9913981455,
    0.9932936604,
    0.9951641625,
    0.9970327099,
    0.9989012
  ],
  "numeric_bounds": {
    "range_min": 3.995,
    "range_max": 5.1049999999999995,
    "open_lower_bound": true,
    "open_upper_bound": true,
    "zero_point": null
  },
  "factors": [
    {
      "description": "Last known DGS10 = 4.54% (Jul 9), range-bound 4.5-4.6% in early July; anchors median with no drift given Fed on hold and no FOMC before resolution",
      "supports": {
        "center": 4.54,
        "low": 4.35,
        "high": 4.73
      },
      "logit": 0.0,
      "confidence": 0.9,
      "conditional": null,
      "effective_logit": 0.0
    },
    {
      "description": "Random-walk diffusion: ~6.5bps daily vol over 10 trading days = ~21bps sigma",
      "supports": {
        "center": 4.54,
        "low": 4.33,
        "high": 4.75
      },
      "logit": 0.0,
      "confidence": 0.85,
      "conditional": null,
      "effective_logit": 0.0
    },
    {
      "description": "July 14 CPI report (hot May print) adds symmetric event-risk fat tails before Jul 23",
      "supports": {
        "center": 4.54,
        "low": 4.3,
        "high": 4.8
      },
      "logit": 0.0,
      "confidence": 0.7,
      "conditional": null,
      "effective_logit": 0.0
    }
  ],
  "summary": "Short-horizon measurement of the 10-year Treasury yield (DGS10) on July 23, 2026. Anchored on the last known observation of 4.54% (July 9), which has been range-bound in 4.5-4.6% in early July. The Fed is on hold (3.50-3.75% since March 2026) with no FOMC before resolution, implying no drift. Distribution built via Monte Carlo: ~6.5bps daily volatility over ~10 trading days (~21bps sigma) plus fat tails from the July 14 CPI event risk (hot May print). Roughly symmetric. Median 4.54%, P10-P90 ~4.26-4.82%, consistent with the creator's 3.995-5.105 bounds.",
  "reasoning": "Forecast submitted. \n\n**Summary:** The 10-year Treasury yield (DGS10) on July 23, 2026 is forecast with a median of **4.54%** (matching the last known July 9 observation), and an 80% central interval of roughly **4.26%–4.82%**.\n\nKey reasoning:\n- **No drift:** The yield has been range-bound (4.5–4.6%) with the Fed on hold since March 2026 and no FOMC meeting before resolution (next is July 28–29).\n- **Width from empirical volatility:** ~6.5bps daily vol over ~10 trading days gives ~21bps sigma, with additional fat tails from the July 14 CPI print (which followed a hot May report).\n- The distribution is roughly symmetric over this short horizon and sits comfortably within the creator's stated bounds (3.995–5.105%).",
  "created_at": "2026-07-13T07:46:47.595233Z",
  "updated_at": "2026-07-13T07:46:47.595233Z",
  "stale_after": "2026-07-13T09:38:15Z",
  "resolvable_after": "2026-07-24T00:00:00Z",
  "state": "fresh",
  "superseded_by": null,
  "revision_history": [],
  "agent_version": "6.3.0",
  "parent_post_id": 44574,
  "parent_slug": null,
  "depth": 0,
  "tags": [
    "main-forecast"
  ],
  "cost_usd": 1.715853,
  "duration_seconds": 155.406,
  "resolved": false,
  "resolution": null,
  "resolved_at": null,
  "resolution_source": null,
  "score": null
}