{
  "slug": "what-will-be-the-highest-overnight-number-of-ukrai-44598",
  "question": "What will be the highest overnight number of Ukrainian drones that Russia's Defense Ministry claims to have destroyed on a single night between July 12 and July 24, 2026?",
  "question_type": "numeric",
  "probability": null,
  "probabilities": null,
  "median": 520.0,
  "confidence_interval": [
    406.0,
    672.0
  ],
  "percentiles": {
    "1": 362.0,
    "5": 390.0,
    "10": 406.0,
    "20": 435.0,
    "25": 448.0,
    "30": 462.0,
    "40": 490.0,
    "50": 520.0,
    "60": 553.0,
    "70": 585.0,
    "75": 602.0,
    "80": 622.0,
    "90": 672.0,
    "95": 715.0,
    "99": 800.0
  },
  "cdf": [
    0.0010988,
    0.001276459,
    0.0014541181,
    0.0016317771,
    0.0018094362,
    0.0019870952,
    0.0021647543,
    0.0023424133,
    0.0025200724,
    0.0026977314,
    0.0028753904,
    0.0030530495,
    0.0032307085,
    0.0034083676,
    0.0035860266,
    0.0037636857,
    0.0039413447,
    0.0041190038,
    0.0042966628,
    0.0044743218,
    0.0046519809,
    0.0048296399,
    0.005007299,
    0.005184958,
    0.0053626171,
    0.0055402761,
    0.0057179351,
    0.0058955942,
    0.0060732532,
    0.0062509123,
    0.0064285713,
    0.0066062304,
    0.0067838894,
    0.0069615485,
    0.0071392075,
    0.0073168665,
    0.0074945256,
    0.0076721846,
    0.0078498437,
    0.0080275027,
    0.0082051618,
    0.0083828208,
    0.0085604799,
    0.0087381389,
    0.0089157979,
    0.009093457,
    0.009271116,
    0.0094487751,
    0.0096264341,
    0.0098040932,
    0.0099817522,
    0.0101594113,
    0.0103370703,
    0.0105147293,
    0.0106923884,
    0.0108700474,
    0.0110477065,
    0.0112253655,
    0.0114030246,
    0.0115806836,
    0.0117583426,
    0.0119360017,
    0.0121136607,
    0.0122913198,
    0.0124689788,
    0.0126466379,
    0.0128242969,
    0.013001956,
    0.013179615,
    0.013357274,
    0.0135349331,
    0.0137125921,
    0.0138902512,
    0.0140681587,
    0.0142547007,
    0.0145549088,
    0.0154678081,
    0.0178537114,
    0.0218961421,
    0.0267710408,
    0.0318175478,
    0.0368781068,
    0.0419524738,
    0.047198574,
    0.0533172942,
    0.0613361759,
    0.0712685238,
    0.0820942013,
    0.0931561923,
    0.1045033056,
    0.116300661,
    0.1283748844,
    0.1405133281,
    0.1526575883,
    0.1648022215,
    0.1769519434,
    0.1891643475,
    0.2016663748,
    0.2146842549,
    0.2280682505,
    0.2414955368,
    0.2546850806,
    0.2675149325,
    0.2801397247,
    0.292719891,
    0.3052964286,
    0.3178728571,
    0.3304492857,
    0.3430257143,
    0.3556021067,
    0.3681772245,
    0.3807352344,
    0.3931973034,
    0.4054148386,
    0.4173416826,
    0.4291173106,
    0.4408612578,
    0.4526026667,
    0.4643438758,
    0.4760809536,
    0.487767324,
    0.4992218414,
    0.5102734909,
    0.5210468129,
    0.5317374245,
    0.5424166486,
    0.5530951515,
    0.563773662,
    0.5744530414,
    0.5851433981,
    0.595887742,
    0.6067425614,
    0.6176997788,
    0.6287013102,
    0.6397112688,
    0.650721875,
    0.6617324514,
    0.6727413803,
    0.6837294501,
    0.6946144285,
    0.7052863797,
    0.7157579725,
    0.726136478,
    0.7364319114,
    0.7464171762,
    0.7558398223,
    0.7648332759,
    0.7736763384,
    0.7824752482,
    0.7911313369,
    0.7993242614,
    0.8068563309,
    0.8140104862,
    0.8210821984,
    0.8281472,
    0.835212,
    0.8422768,
    0.8493416,
    0.8564064,
    0.8634712,
    0.8705359779,
    0.8775996517,
    0.884642113,
    0.8914949352,
    0.8976112573,
    0.902582079,
    0.9068734671,
    0.9110145129,
    0.9151432558,
    0.9192716279,
    0.9234,
    0.9275283721,
    0.9316567442,
    0.9357848097,
    0.9399027032,
    0.9438962941,
    0.9473281311,
    0.9498128712,
    0.9516886751,
    0.9534076859,
    0.9551091582,
    0.9568097176,
    0.9585102588,
    0.9602108,
    0.9619113412,
    0.9636118824,
    0.9653124235,
    0.9670129647,
    0.9687135059,
    0.9704140471,
    0.9721145882,
    0.9738151294,
    0.9755156706,
    0.9772162118,
    0.9789167529,
    0.9806172941,
    0.9823178353,
    0.9840183765,
    0.9857189176,
    0.9874194588,
    0.98912
  ],
  "numeric_bounds": {
    "range_min": 90.0,
    "range_max": 800.0,
    "open_lower_bound": true,
    "open_upper_bound": true,
    "zero_point": null
  },
  "factors": [
    {
      "description": "Floor already set: two eligible nights (mornings Jul12=349, Jul13=342) already reported; answer >=349 with ~99.6% probability",
      "supports": {
        "center": 349.0,
        "low": 349.0,
        "high": 349.0
      },
      "logit": 2.0,
      "confidence": 0.98,
      "conditional": null,
      "effective_logit": 1.96
    },
    {
      "description": "Intense/escalating regime: 300+ overnight waves near-nightly in July 2026; max of ~11 active nights alone reaches ~430-450",
      "supports": {
        "center": 450.0,
        "low": 410.0,
        "high": 520.0
      },
      "logit": 1.2,
      "confidence": 0.85,
      "conditional": null,
      "effective_logit": 1.02
    },
    {
      "description": "Mass-wave nights (>=460, up to record 660) occur ~10-13% of nights; over 11 nights ~65-75% chance of at least one, pushing max to 500-660+",
      "supports": {
        "center": 540.0,
        "low": 460.0,
        "high": 680.0
      },
      "logit": 1.0,
      "confidence": 0.7,
      "conditional": null,
      "effective_logit": 0.7
    },
    {
      "description": "Possible regime cooling / no event-timed mass strike keeps future nights moderate, capping max near ~410-460",
      "supports": {
        "center": 420.0,
        "low": 360.0,
        "high": 460.0
      },
      "logit": -0.5,
      "confidence": 0.5,
      "conditional": null,
      "effective_logit": -0.25
    }
  ],
  "summary": "Max overnight Russian MoD claim of Ukrainian drones destroyed across 13 eligible nights (mornings Jul12–24, 2026). Two eligible nights are already reported (Jul12=349, Jul13=342), setting a hard floor of 349 that is exceeded with ~99.6% probability. Forecasting the max over 11 remaining unknown nights (mornings Jul14–24) via Monte Carlo mixture of nightly overnight figures grounded in July 2026 empirical data: lull nights ~35% (70–200), active nights ~52% (center ~360), mass-wave nights ~10–13% (center ~540, record 660 on Jun26). Over 11 nights, ~65–75% chance of at least one mass wave (≥460), pushing the median to ~520. Right-skewed; ~12% chance of a new record (>660), ~1% above 800 (open upper bound). Result robust across mass-wave-frequency scenarios (median 480–590).",
  "reasoning": "My forecast is submitted.\n\n**Summary:** The question asks for the highest single-night overnight Russian MoD drone-interception claim across nights ending July 12–24, 2026.\n\n**Key insight:** Two eligible nights were already reported at publication time — 349 (morning Jul 12) and 342 (morning Jul 13) — setting a **hard floor of 349** that the max is virtually certain to meet or exceed. The real question is the maximum over the 11 remaining unknown nights.\n\n**Method:** Monte Carlo mixture grounded in dense July 2026 empirical data (lull nights ~35%, active nights centered ~360, mass-wave nights ~10–13% centered ~540 with a 2026 record of 660). Over 11 nights there's roughly a 65–75% chance of at least one mass wave, placing the median around **520**.\n\n**Distribution:** P10 ≈ 406, P50 ≈ 520, P90 ≈ 672, with ~12% chance of a new record (>660) and ~1% above 800 (open upper bound). Right-skewed, robust across mass-wave-frequency sensitivity scenarios (median 480–590). The premortem reviewer independently confirmed the estimate.",
  "created_at": "2026-07-13T22:43:39.812116Z",
  "updated_at": "2026-07-13T22:43:39.812116Z",
  "stale_after": "2026-07-14T00:37:33Z",
  "resolvable_after": "2026-07-25T00:00:00Z",
  "state": "fresh",
  "superseded_by": null,