{
  "slug": "what-percentage-of-the-vote-will-nigel-farage-rece-44555",
  "question": "What percentage of the vote will Nigel Farage receive in the Clacton parliamentary by-election in August 2026?",
  "question_type": "numeric",
  "probability": null,
  "probabilities": null,
  "median": 64.4,
  "confidence_interval": [
    54.5,
    74.4
  ],
  "percentiles": {
    "1": 47.5,
    "5": 51.8,
    "10": 54.5,
    "20": 58.0,
    "25": 59.4,
    "30": 60.5,
    "40": 62.6,
    "50": 64.4,
    "60": 66.3,
    "70": 68.5,
    "75": 69.7,
    "80": 71.0,
    "90": 74.4,
    "95": 76.8,
    "99": 80.9
  },
  "cdf": [
    0.0010988,
    0.001931296,
    0.002763792,
    0.003596288,
    0.004428784,
    0.00526128,
    0.006093776,
    0.006926272,
    0.007758768,
    0.0085913346,
    0.0094263111,
    0.0102921246,
    0.0113141535,
    0.0126744713,
    0.0143730779,
    0.0162279,
    0.018113559,
    0.0200016279,
    0.0218897674,
    0.023777907,
    0.0256660465,
    0.027554186,
    0.0294423256,
    0.0313304651,
    0.0332186047,
    0.0351067442,
    0.0369948837,
    0.0388830233,
    0.0407711628,
    0.0426593023,
    0.0445474419,
    0.0464358251,
    0.0483322793,
    0.0503270578,
    0.0527624953,
    0.0559244566,
    0.0595270769,
    0.0632280215,
    0.066937037,
    0.0706462963,
    0.0743555556,
    0.0780648148,
    0.0817740741,
    0.0854833333,
    0.0891927255,
    0.0929066525,
    0.0966786067,
    0.1007445192,
    0.105447006,
    0.1107860671,
    0.1164190863,
    0.1221101329,
    0.1278057143,
    0.1335014286,
    0.1391971429,
    0.1448928571,
    0.1505885714,
    0.1562842857,
    0.16198,
    0.1676757143,
    0.1733714286,
    0.1790671429,
    0.184763046,
    0.1904652045,
    0.1962435675,
    0.202363456,
    0.2090464247,
    0.2160709188,
    0.2231716175,
    0.230278829,
    0.2373947593,
    0.2446146051,
    0.2523001673,
    0.2607535661,
    0.26967271,
    0.2786967458,
    0.2877418053,
    0.2968504148,
    0.3060960858,
    0.3154788183,
    0.3249248432,
    0.334383362,
    0.3438428571,
    0.353302381,
    0.3627619048,
    0.3722216385,
    0.3816883224,
    0.3912396782,
    0.4011705067,
    0.4117269798,
    0.4226629256,
    0.4336835432,
    0.4447111111,
    0.4557388889,
    0.4667665893,
    0.4777917292,
    0.4887856741,
    0.4996398133,
    0.5102634519,
    0.5207472847,
    0.5311999227,
    0.54165,
    0.5521,
    0.5625499051,
    0.5729965727,
    0.5834018131,
    0.5935971891,
    0.6033380982,
    0.6126245404,
    0.6217011182,
    0.6307362687,
    0.6397681818,
    0.6488,
    0.6578318182,
    0.6668635863,
    0.6758936457,
    0.6849018408,
    0.6937992741,
    0.7024568498,
    0.710874568,
    0.7191814821,
    0.727465086,
    0.7357284806,
    0.7438981037,
    0.7518647704,
    0.7596284806,
    0.7672984694,
    0.7749497183,
    0.7825915961,
    0.7901368828,
    0.7972494675,
    0.8036486475,
    0.8096151256,
    0.8154850548,
    0.8213470588,
    0.8272088235,
    0.8330705882,
    0.8389323529,
    0.8447941176,
    0.8506558824,
    0.8565176471,
    0.8623794118,
    0.8682411765,
    0.8741029412,
    0.879964479,
    0.8858185044,
    0.8915810096,
    0.8969333494,
    0.901609441,
    0.9058753672,
    0.9100497731,
    0.9142166667,
    0.9183833333,
    0.92255,
    0.9267166667,
    0.9308833333,
    0.9350497071,
    0.9392063801,
    0.9432448739,
    0.9467537258,
    0.9493893455,
    0.9514953232,
    0.9534831217,
    0.9554612195,
    0.9574390244,
    0.9594168293,
    0.9613946341,
    0.963372439,
    0.9653502439,
    0.9673280488,
    0.9693058537,
    0.9712836585,
    0.9732614634,
    0.9752392683,
    0.9772170732,
    0.979194878,
    0.9811725859,
    0.983146982,
    0.9850790018,
    0.9867963491,
    0.9880488174,
    0.9888364067,
    0.9894093235,
    0.9899398639,
    0.9904670927,
    0.9909942244,
    0.9915213561,
    0.9920484878,
    0.9925756195,
    0.9931027512,
    0.9936298829,
    0.9941570146,
    0.9946841463,
    0.995211278,
    0.9957384098,
    0.9962655415,
    0.9967926732,
    0.9973198049,
    0.9978469366,
    0.9983740683,
    0.9989012
  ],
  "numeric_bounds": {
    "range_min": 45.0,
    "range_max": 85.0,
    "open_lower_bound": true,
    "open_upper_bound": true,
    "zero_point": null
  },
  "factors": [
    {
      "description": "All five major parties boycott; ~54% of the previously-split serious opposition vote removed from a strong Leave/Reform seat",
      "supports": {
        "center": 64.0,
        "low": 55.0,
        "high": 74.0
      },
      "logit": 2.0,
      "confidence": 0.85,
      "conditional": null,
      "effective_logit": 1.7
    },
    {
      "description": "12-15 mostly novelty/independent candidates split the anti-Farage vote, no credible single challenger to consolidate opposition",
      "supports": {
        "center": 66.0,
        "low": 58.0,
        "high": 76.0
      },
      "logit": 1.0,
      "confidence": 0.8,
      "conditional": null,
      "effective_logit": 0.8
    },
    {
      "description": "Differential turnout favors energized Reform base; Reform national polling 25-27% vs 14% in 2024",
      "supports": {
        "center": 67.0,
        "low": 58.0,
        "high": 78.0
      },
      "logit": 1.0,
      "confidence": 0.75,
      "conditional": null,
      "effective_logit": 0.75
    },
    {
      "description": "Downside: intense national anti-Farage sentiment could mobilize protest turnout for Binface (Bercow 2010 held boycotted incumbent near 47%)",
      "supports": {
        "center": 57.0,
        "low": 48.0,
        "high": 65.0
      },
      "logit": -0.8,
      "confidence": 0.6,
      "conditional": null,
      "effective_logit": -0.48
    }
  ],
  "summary": "Farage received 46.2% in Clacton in the 2024 GE against full competition (Con 27.9%, Lab 16.2%, others). For this by-election, all major parties (Con, Lab, LibDem, Green, Restore Britain) are boycotting, leaving only novelty/independent candidates (Count Binface as nominal \"main challenger\") across a 12-15 candidate field that splits the residual anti-Farage vote many ways. Reform is nationally much stronger now (25-27% vs 14% in 2024), Clacton is a strong Leave/Reform seat, and differential turnout in a boycotted \"vanity\" contest favors the energized Reform base. This lifts Farage's share well above his 2024 baseline. Center ~64%. Downside risk: intense national anti-Farage sentiment (33% prefer Binface, 52% say don't re-elect) could mobilize protest turnout and consolidate on Binface (Bercow 2010 precedent held a boycotted incumbent near 47%). No constituency-level poll exists, so genuine uncertainty is wide. Scenario-mixture Monte Carlo (55% base ~64, 25% landslide ~73, 20% embarrassment ~55).",
  "reasoning": "Forecast submitted. \n\n**Summary:** For the Clacton by-election (13 Aug 2026), I forecast Farage's Reform UK vote share centered at **~64%** (P10 ~54.5%, P50 ~64.4%, P90 ~74.4%).\n\n**Key reasoning:**\n- Farage won 46.2% in 2024 against full competition. Now all five major parties (Conservative, Labour, Lib Dem, Green, Restore Britain) are boycotting, removing ~54% of the previously-split serious opposition.\n- The remaining field is 12-15 novelty/independent candidates (Count Binface as nominal \"main challenger\"), which fragments the anti-Farage vote and inflates his percentage.\n- Reform is nationally much stronger now (25-27% vs 14% in 2024), Clacton is a strong Leave/Reform seat, and differential turnout in a boycotted contest favors his energized base.\n- Downside risk (kept the lower tail wide): intense national anti-Farage sentiment could mobilize protest turnout for Binface — the Bercow 2010 precedent shows a boycotted incumbent can be held near 47%. No constituency-level poll exists, so uncertainty is genuinely wide.\n\nThe premortem reviewer approved the forecast.",
  "created_at": "2026-07-13T14:12:03.074700Z",