{
  "slug": "what-percentage-of-votes-will-hakainde-hichilema-r-44398",
  "question": "What percentage of votes will Hakainde Hichilema receive in the first round of Zambia's 2026 presidential elections?",
  "question_type": "numeric",
  "probability": null,
  "probabilities": null,
  "median": 55.8,
  "confidence_interval": [
    46.6,
    65.0
  ],
  "percentiles": {
    "1": 39.5,
    "5": 44.0,
    "10": 46.6,
    "20": 50.0,
    "25": 51.2,
    "30": 52.3,
    "40": 54.2,
    "50": 55.8,
    "60": 57.5,
    "70": 59.4,
    "75": 60.5,
    "80": 61.7,
    "90": 65.0,
    "95": 67.6,
    "99": 71.7
  },
  "cdf": [
    0.0152711111,
    0.0170775556,
    0.018884,
    0.0206904444,
    0.0224968889,
    0.0243033333,
    0.0261097778,
    0.0279162222,
    0.0297226667,
    0.0315291111,
    0.0333355556,
    0.035142,
    0.0369484444,
    0.0387548889,
    0.0405613333,
    0.0423677778,
    0.0441742222,
    0.0459809402,
    0.0477967148,
    0.0497228234,
    0.0521434141,
    0.0553792679,
    0.0591096037,
    0.0629502735,
    0.0668,
    0.07065,
    0.0745,
    0.07835,
    0.0822,
    0.08605,
    0.0899002692,
    0.0937594543,
    0.0977272569,
    0.102181849,
    0.1074390216,
    0.1131829837,
    0.1190355634,
    0.1248970588,
    0.1307588235,
    0.1366205882,
    0.1424823529,
    0.1483441176,
    0.1542058824,
    0.1600676471,
    0.1659294118,
    0.1717911765,
    0.1776529412,
    0.18351503,
    0.1893878508,
    0.1953914149,
    0.2019809294,
    0.2095365129,
    0.2176780469,
    0.2259504243,
    0.2342368509,
    0.2425640131,
    0.2510722873,
    0.2598791646,
    0.2688672488,
    0.277898982,
    0.2869754596,
    0.2962619018,
    0.3060028109,
    0.3161981869,
    0.3266034273,
    0.3370500949,
    0.3475,
    0.35795,
    0.368400261,
    0.3788591641,
    0.3894233499,
    0.40045938,
    0.4122733499,
    0.4245591641,
    0.436950261,
    0.44935,
    0.4617499028,
    0.4741465859,
    0.4865040461,
    0.4986857212,
    0.5105775755,
    0.5222936448,
    0.533970491,
    0.5456441176,
    0.5573175652,
    0.5689882196,
    0.5806231329,
    0.5920769867,
    0.6031387514,
    0.613808427,
    0.6242970431,
    0.6347499181,
    0.6452,
    0.65565,
    0.6660998102,
    0.6765433352,
    0.686910291,
    0.6969340873,
    0.7063921092,
    0.7155069215,
    0.7245434559,
    0.7335518408,
    0.7424492741,
    0.7511068498,
    0.759524568,
    0.7678313742,
    0.77611119,
    0.7843237041,
    0.7922038828,
    0.7993644889,
    0.8058055223,
    0.8119142704,
    0.8179574255,
    0.8239954545,
    0.8300333333,
    0.8360712121,
    0.8421090909,
    0.8481469697,
    0.8541848485,
    0.8602227273,
    0.8662606061,
    0.8722984848,
    0.8783360708,
    0.8843639604,
    0.890273724,
    0.8956540834,
    0.9001616028,
    0.904139718,
    0.9079997072,
    0.91185,
    0.9157,
    0.91955,
    0.9234,
    0.92725,
    0.9311,
    0.9349497494,
    0.9387912016,
    0.9425315718,
    0.9458189242,
    0.9483593767,
    0.9504468113,
    0.9524331641,
    0.9544112195,
    0.9563890244,
    0.9583668293,
    0.9603446341,
    0.962322439,
    0.9643002439,
    0.9662780488,
    0.9682558537,
    0.9702336585,
    0.9722114634,
    0.9741892683,
    0.9761670732,
    0.978144878,
    0.9801225697,
    0.9820963985,
    0.9840207982,
    0.9856947967,
    0.9868265449,
    0.9874160428,
    0.9877551396,
    0.9880448073,
    0.988330612,
    0.9886163036,
    0.9889019952,
    0.9891876867,
    0.9894733783,
    0.9897590699,
    0.9900447614,
    0.990330453,
    0.9906161446,
    0.9909018361,
    0.9911875277,
    0.9914732193,
    0.9917589108,
    0.9920446024,
    0.992330294,
    0.9926159855,
    0.9929016771,
    0.9931873687,
    0.9934730602,
    0.9937587518,
    0.9940444434,
    0.9943301349,
    0.9946158265,
    0.9949015181,
    0.9951872096,
    0.9954729012,
    0.9957585928,
    0.9960442843,
    0.9963299759,
    0.9966156675,
    0.996901359,
    0.9971870506,
    0.9974727422,
    0.9977584337,
    0.9980441253,
    0.9983298169,
    0.9986155084,
    0.9989012
  ],
  "numeric_bounds": {
    "range_min": 40.0,
    "range_max": 80.0,
    "open_lower_bound": true,
    "open_upper_bound": true,
    "zero_point": null
  },
  "factors": [
    {
      "description": "Oct 2025 scientific UNZA/Mutombo poll (n=1009, ±3.1%) shows HH at 60% (58-63%)",
      "supports": {
        "center": 60.0,
        "low": 57.0,
        "high": 63.0
      },
      "logit": 1.2,
      "confidence": 0.6,
      "conditional": null,
      "effective_logit": 0.72
    },
    {
      "description": "HH won 2021 with 59.02%; now incumbent with ~75% approval controlling state machinery",
      "supports": {
        "center": 58.0,
        "low": 52.0,
        "high": 64.0
      },
      "logit": 0.8,
      "confidence": 0.6,
      "conditional": null,
      "effective_logit": 0.48
    },
    {
      "description": "Highly fragmented opposition (14 candidates, no single strong rival, Lungu dead, PF split) boosts HH share",
      "supports": {
        "center": 60.0,
        "low": 55.0,
        "high": 66.0
      },
      "logit": 1.0,
      "confidence": 0.7,
      "conditional": null,
      "effective_logit": 0.7
    },
    {
      "description": "Economic grievances (cost of living, unemployment, power shortages) create anti-incumbent risk",
      "supports": {
        "center": 50.0,
        "low": 44.0,
        "high": 56.0
      },
      "logit": -1.0,
      "confidence": 0.6,
      "conditional": null,
      "effective_logit": -0.6
    },
    {
      "description": "Zambian polls historically unreliable; 2021 polls overstated the incumbent — HH now incumbent",
      "supports": {
        "center": 54.0,
        "low": 46.0,
        "high": 60.0
      },
      "logit": -0.7,
      "confidence": 0.5,
      "conditional": null,
      "effective_logit": -0.35
    },
    {
      "description": "Recent Zambian incumbents (Banda 2011, Lungu 2021) both lost outright, though vs strong single challengers",
      "supports": {
        "center": 49.0,
        "low": 42.0,
        "high": 56.0
      },
      "logit": -0.5,
      "confidence": 0.4,
      "conditional": null,
      "effective_logit": -0.2
    },
    {
      "description": "Delimitation/constitutional changes tilt playing field toward UPND strongholds",
      "supports": {
        "center": 60.0,
        "low": 55.0,
        "high": 65.0
      },
      "logit": 0.4,
      "confidence": 0.5,
      "conditional": null,
      "effective_logit": 0.2
    }
  ],
  "summary": "HH is a strong favorite to win Zambia's Aug 2026 election, but this question asks his first-round vote SHARE. A single scientific Oct 2025 poll puts him at 60% (58-63%). I discount the median to ~56% for Zambian polling unreliability (2021 polls badly overstated the incumbent — HH is now the incumbent) and real economic grievances (cost of living, ~72% no/irregular power), while retaining strong upside from a highly fragmented 14-candidate opposition (Lungu dead, PF split), ~75% approval, incumbency machinery, and delimitation tilt. Downside scenario (~20-25% mass): economic discontent + Mundubile momentum push him toward/below the 50%+1 runoff threshold. A 3-scenario Monte Carlo mixture (base 56% w0.50, upside 64% w0.23, downside 48.5% w0.27) yields median ~56%, P10 47, P90 65 — width reflects thin, unreliable polling.",