{
  "slug": "what-will-be-the-highest-daily-number-of-pla-aircr-44256",
  "question": "What will be the highest daily number of PLA aircraft tracked by Taiwan's Ministry of National Defense in Taiwan's air-defense identification zone (ADIZ) in July-August 2026?",
  "question_type": "discrete",
  "probability": null,
  "probabilities": null,
  "median": 42.0,
  "confidence_interval": [
    33.0,
    81.0
  ],
  "percentiles": {
    "1": 31.0,
    "5": 32.0,
    "10": 33.0,
    "20": 34.0,
    "25": 35.0,
    "30": 36.0,
    "40": 39.0,
    "50": 42.0,
    "60": 47.0,
    "70": 54.0,
    "75": 57.0,
    "80": 60.0,
    "90": 81.0,
    "95": 99.0,
    "99": 122.0
  },
  "cdf": [
    0.0,
    0.0004779027,
    0.0009558054,
    0.001433708,
    0.0019116107,
    0.0023895134,
    0.0028674161,
    0.0033453188,
    0.0038232214,
    0.0043011241,
    0.0047790268,
    0.0052569295,
    0.0057348322,
    0.0062127348,
    0.0066906375,
    0.0071685402,
    0.0076464429,
    0.0081243456,
    0.0086022482,
    0.0090801509,
    0.0095580536,
    0.0100359563,
    0.010513859,
    0.0109917616,
    0.0114696643,
    0.011947567,
    0.0124254697,
    0.0129033724,
    0.0133839012,
    0.0139546845,
    0.0156977893,
    0.0236470519,
    0.0469681546,
    0.0919073283,
    0.1543148223,
    0.2188507837,
    0.2727970679,
    0.3156131822,
    0.3518161296,
    0.385469392,
    0.4186077395,
    0.4513232558,
    0.4820862892,
    0.508623557,
    0.5309346809,
    0.5512815236,
    0.5710780774,
    0.5900082223,
    0.6071264425,
    0.6224336202,
    0.6369044922,
    0.6512104351,
    0.6655088523,
    0.6798756774,
    0.6945909632,
    0.71006085,
    0.7262853378,
    0.7428574985,
    0.7594723553,
    0.7757755349,
    0.7906804992,
    0.8035547619
  ],
  "numeric_bounds": {
    "range_min": -0.5,
    "range_max": 60.5,
    "open_lower_bound": false,
    "open_upper_bound": true,
    "zero_point": null
  },
  "factors": [
    {
      "description": "July 3, 2026 already reported 30 aircraft (in-window), establishing a hard floor: the max can only rise from 30.",
      "supports": {
        "center": 30.0,
        "low": 30.0,
        "high": 30.0
      },
      "logit": 2.0,
      "confidence": 0.95,
      "conditional": null,
      "effective_logit": 1.9
    },
    {
      "description": "2026 quiet regime (daily avg ~4.5, all-year single-day max ~32, multi-day zero pauses) driven by Trump-Xi diplomacy suppresses the max.",
      "supports": {
        "center": 36.0,
        "low": 31.0,
        "high": 46.0
      },
      "logit": 0.9,
      "confidence": 0.7,
      "conditional": null,
      "effective_logit": 0.63
    },
    {
      "description": "August is historically most active (Pelosi Aug 2022, Aug 2025 surge 80+); July Han Kuang exercises trigger PLA response; 62-day window catches surges.",
      "supports": {
        "center": 55.0,
        "low": 40.0,
        "high": 90.0
      },
      "logit": 0.8,
      "confidence": 0.6,
      "conditional": null,
      "effective_logit": 0.48
    },
    {
      "description": "Major named exercises produce huge counts (Strait Thunder 68 ADIZ, Justice Mission 130, Joint Sword-2024B 153); ~1 per 2-3 months historically but suppressed in current pause.",
      "supports": {
        "center": 90.0,
        "low": 60.0,
        "high": 130.0
      },
      "logit": -0.3,
      "confidence": 0.5,
      "conditional": null,
      "effective_logit": -0.15
    }
  ],
  "summary": "Discrete forecast for the highest single-day PLA aircraft count detected in Taiwan's ADIZ during Jul 1-Aug 31, 2026 (62-day window). July 3 already reported 30 aircraft, setting a hard floor. Built a Monte Carlo scenario mixture: quiet-regime persistence (52%, max clustering in low-to-mid 30s-40s, reflecting 2026's historically rare pause with daily avg ~4.5 and all-year max ~32), moderate event-driven surge (32%, ~45-65, driven by August seasonality and Han Kuang exercise responses), and a major named exercise (16%, 65-135, e.g. Joint Sword/Strait Thunder scale which historically hit 130-153). Median ~42, with a fat upper tail (P90~81) capturing genuine exercise risk. The dominant uncertainty is whether the Trump-Xi diplomatic pause holds through August.",
  "reasoning": "I've submitted my forecast for the highest daily PLA aircraft count in Taiwan's ADIZ during July-August 2026.\n\n**Key findings:**\n- **Hard floor of 30** — July 3, 2026 already reported 30 aircraft within the resolution window, so the max can only rise from there.\n- **2026 is in a historically rare quiet regime** — daily average collapsed to ~4.5 aircraft, all-year single-day max only ~32, with multi-day zero-activity stretches, all driven by Trump-Xi diplomatic engagement.\n- **But surge risk is real** — August is seasonally the most active month (Pelosi 2022, Aug 2025's 80+ surge), July's Han Kuang exercises often trigger PLA responses, and major named exercises historically hit 130-153 aircraft in a single day.\n\n**Forecast (discrete, aircraft):**\n- P10: 33\n- P25: 35\n- P50: 42 (median)\n- P75: 57\n- P90: 81\n- P99: 122\n\nThe distribution is right-skewed with a fat upper tail: a quiet-regime baseline in the mid-30s-40s, but a meaningful (~22%) probability of a Joint Sword-scale exercise pushing the max above 60. The premortem reviewer approved, confirming the hard-floor logic is valid (July 3 falls within the explicitly-defined window) and the scenario mixture is well-grounded.",
  "created_at": "2026-07-03T17:21:36.423688Z",
  "updated_at": "2026-07-03T17:21:36.423688Z",
  "stale_after": "2026-07-03T20:00:00Z",
  "resolvable_after": "2026-09-01T12:00:00Z",
  "state": "fresh",
  "superseded_by": null,
  "revision_history": [],
  "agent_version": "6.2.0",
  "parent_post_id": 44256,
  "parent_slug": null,
  "depth": 0,
  "tags": [
    "main-forecast",
    "research:recent-pla-aircraft-activity-around-taiwan-adiz-in-52d6ffc4",
    "research:what-have-been-the-daily-maximum-pla-aircraft-incu-ba707e0e"
  ],
  "cost_usd": 2.908776,
  "duration_seconds": 716.875,
  "resolved": false,
  "resolution": null,
  "resolved_at": null,
  "resolution_source": null,
  "score": null
}