{
  "slug": "what-will-be-russia-s-annual-gdp-growth-rate-for-q-44390",
  "question": "What will be Russia's annual GDP growth rate for Q2 2026?",
  "question_type": "discrete",
  "probability": null,
  "probabilities": null,
  "median": 0.51,
  "confidence_interval": [
    -0.05,
    1.08
  ],
  "percentiles": {
    "1": -0.48,
    "5": -0.2,
    "10": -0.05,
    "20": 0.14,
    "25": 0.21,
    "30": 0.27,
    "40": 0.39,
    "50": 0.51,
    "60": 0.62,
    "70": 0.73,
    "75": 0.8,
    "80": 0.87,
    "90": 1.08,
    "95": 1.25,
    "99": 1.55
  },
  "cdf": [
    0.0010988,
    0.0030587024,
    0.0050191027,
    0.0069971486,
    0.009214477,
    0.0128016523,
    0.0200156748,
    0.0321443415,
    0.0494434654,
    0.0742988839,
    0.1100336964,
    0.1577981498,
    0.2170310413,
    0.2880521861,
    0.3674385933,
    0.4506476451,
    0.5363353906,
    0.6227265565,
    0.704066982,
    0.7737248029,
    0.8301173029,
    0.8758226996,
    0.9121177956,
    0.9390280052,
    0.9575362431,
    0.9711768025,
    0.9809042982,
    0.9855653972,
    0.9871945844,
    0.988147735,
    0.9890453932,
    0.9899413756,
    0.990837358,
    0.9917333405,
    0.9926293229,
    0.9935253054,
    0.9944212878,
    0.9953172702,
    0.9962132527,
    0.9971092351,
    0.9980052176,
    0.9989012
  ],
  "numeric_bounds": {
    "range_min": -1.05,
    "range_max": 3.05,
    "open_lower_bound": true,
    "open_upper_bound": true,
    "zero_point": null
  },
  "factors": [
    {
      "description": "Q2 2026 monthly GDP YoY April +1.3%, May +0.3% (avg ~0.8%), decelerating within quarter",
      "supports": {
        "center": 0.55,
        "low": 0.1,
        "high": 1.0
      },
      "logit": 0.0,
      "confidence": 0.8,
      "conditional": null,
      "effective_logit": 0.0
    },
    {
      "description": "CBR characterizes growth as 'moderate after temporary decline at start of year', implying positive Q2 rebound from Q1 -0.2%",
      "supports": {
        "center": 0.6,
        "low": 0.2,
        "high": 1.0
      },
      "logit": 0.0,
      "confidence": 0.7,
      "conditional": null,
      "effective_logit": 0.0
    },
    {
      "description": "Full-year 2026 forecasts center 0.4-1.1%; with Q1 at -0.2, later quarters must average higher",
      "supports": {
        "center": 0.7,
        "low": 0.3,
        "high": 1.2
      },
      "logit": 0.0,
      "confidence": 0.6,
      "conditional": null,
      "effective_logit": 0.0
    },
    {
      "description": "Sharp deceleration momentum (1.3->0.3 monthly) creates downside risk of near-flat or negative quarter",
      "supports": {
        "center": 0.2,
        "low": -0.5,
        "high": 0.6
      },
      "logit": 0.0,
      "confidence": 0.6,
      "conditional": null,
      "effective_logit": 0.0
    }
  ],
  "summary": "Q2 2026 Russia GDP annual (YoY) growth per Trading Economics. Q2 covers Apr-Jun 2026. Monthly GDP YoY: April +1.3%, May +0.3% (avg ~0.8%, decelerating); June unreleased. Quarterly YoY trajectory decelerated through 2025 (+1.4/+1.1/+0.6/+1.0) then hit -0.2% in Q1 2026 (first contraction since 2023). CBR describes Q2 as \"moderate growth after the temporary decline at the start of the year.\" Full-year 2026 forecasts center 0.4-1.1% (Ministry 0.4, WB 0.8, CBR 0.5-1.5, IMF 1.1). A scenario mixture (60% base ~0.5%, 25% deeper-deceleration downside, 15% upside from base effects/monthly-quarterly divergence) yields median ~0.5%, P10 -0.05%, P90 ~1.08%, with ~12% probability of a negative print.",
  "reasoning": "Forecast submitted for Russia's Q2 2026 annual GDP growth rate.\n\n**Summary:** Median estimate **~0.5%**, with an 80% CI of roughly **-0.05% to +1.08%**.\n\n**Key reasoning:**\n- Q2 2026 covers April–June. Monthly GDP YoY came in at **+1.3% (April)** and **+0.3% (May)** — averaging ~0.8% but decelerating hard.\n- The quarterly trajectory decelerated all through 2025 (+1.4/+1.1/+0.6/+1.0) then hit **-0.2% in Q1 2026**, the first contraction since 2023.\n- The CBR describes Q2 as \"moderate growth after the temporary decline at the beginning of the year,\" implying a weak positive rebound.\n- Full-year 2026 forecasts center 0.4–1.1% (Ministry 0.4, World Bank 0.8, CBR 0.5–1.5, IMF 1.1).\n\nI used a scenario mixture (60% base ~0.5%, 25% deeper-deceleration downside, 15% upside) to produce the distribution, placing ~12% probability on a negative print. The premortem reviewer approved, noting only that a marginal upward nudge to the center could be justified by the historical tendency of Russian quarterly figures to diverge upward from soft monthly reads.",
  "created_at": "2026-07-07T09:15:43.248369Z",
  "updated_at": "2026-07-07T09:15:43.248369Z",
  "stale_after": "2026-07-07T12:00:00Z",
  "resolvable_after": "2026-08-13T00:00:00Z",
  "state": "fresh",
  "superseded_by": null,
  "revision_history": [],
  "agent_version": "6.3.0",
  "parent_post_id": 44390,
  "parent_slug": null,
  "depth": 0,
  "tags": [
    "main-forecast"
  ],
  "cost_usd": 2.4316364999999998,
  "duration_seconds": 407.796,
  "resolved": false,
  "resolution": null,
  "resolved_at": null,
  "resolution_source": null,
  "score": null
}