{
  "slug": "what-will-be-the-highest-daily-maximum-temperature-44566",
  "question": "What will be the highest daily maximum temperature recorded at Death Valley's Furnace Creek station between July 11 and July 23, 2026?",
  "question_type": "numeric",
  "probability": null,
  "probabilities": null,
  "median": 121.0,
  "confidence_interval": [
    119.0,
    123.0
  ],
  "percentiles": {
    "1": 119.0,
    "5": 119.0,
    "10": 119.0,
    "20": 120.0,
    "25": 120.0,
    "30": 120.0,
    "40": 120.0,
    "50": 121.0,
    "60": 121.0,
    "70": 121.0,
    "75": 122.0,
    "80": 122.0,
    "90": 123.0,
    "95": 124.0,
    "99": 126.0
  },
  "cdf": [
    0.0010988,
    0.0012999467,
    0.0015010935,
    0.0017022402,
    0.001903387,
    0.0021045337,
    0.0023056804,
    0.0025068272,
    0.0027079739,
    0.0029091206,
    0.0031102674,
    0.0033114141,
    0.0035125609,
    0.0037137076,
    0.0039148543,
    0.0041160011,
    0.0043171478,
    0.0045182946,
    0.0047194413,
    0.004920588,
    0.0051217348,
    0.0053228815,
    0.0055240282,
    0.005725175,
    0.0059263217,
    0.0061274685,
    0.0063286152,
    0.0065297619,
    0.0067309087,
    0.0069320554,
    0.0071332021,
    0.0073343489,
    0.0075354956,
    0.0077366424,
    0.0079377891,
    0.0081389358,
    0.0083400826,
    0.0085412293,
    0.0087423761,
    0.0089435228,
    0.0091446695,
    0.0093458163,
    0.009546963,
    0.0097481097,
    0.0099492565,
    0.0101504032,
    0.01035155,
    0.0105526967,
    0.0107538434,
    0.0109549902,
    0.0111561369,
    0.0113572837,
    0.0115584304,
    0.0117595771,
    0.0119607239,
    0.0121618706,
    0.0123630173,
    0.0125641641,
    0.0127653108,
    0.0129664576,
    0.0131676043,
    0.013368751,
    0.0135698978,
    0.0137710445,
    0.0139721912,
    0.014173338,
    0.0143871009,
    0.0150074213,
    0.0203454589,
    0.0439619313,
    0.0848748267,
    0.1151095761,
    0.1301220877,
    0.1410201752,
    0.1515588519,
    0.1620862944,
    0.1726377557,
    0.1839605934,
    0.2041779332,
    0.2581324822,
    0.340259119,
    0.394213668,
    0.4144310077,
    0.4257538454,
    0.4363053068,
    0.4468327493,
    0.4573842106,
    0.4687063474,
    0.4888997756,
    0.5425476499,
    0.623100355,
    0.6733916188,
    0.6886784165,
    0.6947879489,
    0.7001028943,
    0.7053931199,
    0.7106903546,
    0.7162133874,
    0.7243551578,
    0.7426246313,
    0.7703823292,
    0.7920084124,
    0.8050568124,
    0.8157924486,
    0.8263261981,
    0.8368536396,
    0.847381081,
    0.8579078216,
    0.8684113515,
    0.8786321183,
    0.8875856284,
    0.8944497857,
    0.9000466863,
    0.9053608237,
    0.9106517505,
    0.9159419764,
    0.9212322023,
    0.9265220077,
    0.9317978867,
    0.9369041077,
    0.9412499745,
    0.9443422289,
    0.9466741292,
    0.9488363714,
    0.9509846873,
    0.9531325826,
    0.9552804779,
    0.9574283733,
    0.9595762686,
    0.9617241639,
    0.9638720592,
    0.9660199546,
    0.9681678499,
    0.9703157452,
    0.9724636406,
    0.9746115359,
    0.9767594312,
    0.9789070693,
    0.9810461891,
    0.9830815348,
    0.9846517971,
    0.9854552666,
    0.9857936527,
    0.9860282647,
    0.9862543584,
    0.9864801948,
    0.9867060313,
    0.9869318677,
    0.9871577042,
    0.9873835407,
    0.9876093771,
    0.9878352136,
    0.98806105,
    0.9882868865,
    0.988512723,
    0.9887385594,
    0.9889643959,
    0.9891902323,
    0.9894160688,
    0.9896419052,
    0.9898677417,
    0.9900935782,
    0.9903194146,
    0.9905452511,
    0.9907710875,
    0.990996924,
    0.9912227604,
    0.9914485969,
    0.9916744334,
    0.9919002698,
    0.9921261063,
    0.9923519427,
    0.9925777792,
    0.9928036156,
    0.9930294521,
    0.9932552886,
    0.993481125,
    0.9937069615,
    0.9939327979,
    0.9941586344,
    0.9943844708,
    0.9946103073,
    0.9948361438,
    0.9950619802,
    0.9952878167,
    0.9955136531,
    0.9957394896,
    0.9959653261,
    0.9961911625,
    0.996416999,
    0.9966428354,
    0.9968686719,
    0.9970945083,
    0.9973203448,
    0.9975461813,
    0.9977720177,
    0.9979978542,
    0.9982236906,
    0.9984495271,
    0.9986753635,
    0.9989012
  ],
  "numeric_bounds": {
    "range_min": 112.0,
    "range_max": 132.0,
    "open_lower_bound": true,
    "open_upper_bound": true,
    "zero_point": null
  },
  "factors": [
    {
      "description": "July 11 already recorded 119F at DEVC1, inside the window, locking the floor at >=119F",
      "supports": {
        "center": 119.0,
        "low": 119.0,
        "high": 119.0
      },
      "logit": 0.0,
      "confidence": 1.0,
      "conditional": null,
      "effective_logit": 0.0
    },
    {
      "description": "NWS point forecast peaks at 120F Jul 15-16; DV near/somewhat-above normal (~116-117F)",
      "supports": {
        "center": 120.0,
        "low": 118.0,
        "high": 122.0
      },
      "logit": 0.5,
      "confidence": 0.8,
      "conditional": null,
      "effective_logit": 0.4
    },
    {
      "description": "Strong persistent ridge + CPC above-normal/extreme-heat week-2 signal adds upside; record heat centered on Intermountain West/Plains not DV",
      "supports": {
        "center": 122.0,
        "low": 120.0,
        "high": 126.0
      },
      "logit": 0.6,
      "confidence": 0.6,
      "conditional": null,
      "effective_logit": 0.36
    },
    {
      "description": "Monsoon moisture intrusion signaled Jul 22-23 (dip to ~106F) caps late-window upside",
      "supports": {
        "center": 120.0,
        "low": 118.0,
        "high": 121.0
      },
      "logit": -0.2,
      "confidence": 0.6,
      "conditional": null,
      "effective_logit": -0.12
    }
  ],
  "summary": "Max-over-window question (July 11-23, 2026) for DEVC1 Furnace Creek daily high. July 11 already recorded 119F inside the window, so the floor is locked at >=119F. NWS forecasts a 120F peak on Jul 15-16 under a strong western ridge with above-normal week-2 signal, though a monsoon moisture intrusion is signaled Jul 22-23 (dip to ~106F) and DV is only near-to-somewhat-above its own climatological normal (record heat centered on the Intermountain West/Plains, not DV). A correlated-forecast-error Monte Carlo gives median ~120-121F, P(>=120)=0.71, P(>=122)=0.35, P(>=124)=0.09, right-skewed upper tail to ~126F.",
  "reasoning": "My forecast is submitted.\n\n**Summary:** The highest daily maximum at Death Valley's Furnace Creek (DEVC1) between July 11–23, 2026 is forecast with a **median of ~121°F**.\n\nKey reasoning:\n- **July 11 already recorded 119°F** — this date is inside the window, so the resolution is locked at ≥119°F with certainty.\n- **NWS forecasts a 120°F peak on July 15–16** under a strong western ridge, with above-normal CPC signals through week 2.\n- **A monsoon dip is signaled July 22–23** (~106°F), capping late-window upside, and Death Valley is only near-to-somewhat-above its own normal (the \"record heat\" is centered on the Intermountain West/Plains, not DV).\n- A correlated-error Monte Carlo gives: P(≥120)=71%, P(≥122)=35%, P(≥124)=9%, with a right-skewed tail to ~126°F.\n\nDistribution: P10=119, P50=121, P90=123, P99=126°F.",
  "created_at": "2026-07-13T05:08:12.882757Z",
  "updated_at": "2026-07-13T05:08:12.882757Z",
  "stale_after": "2026-07-13T07:52:05Z",
  "resolvable_after": "2026-07-24T00:00:00Z",
  "state": "fresh",
  "superseded_by": null,
  "revision_history": [],
  "agent_version": "6.3.0",
  "parent_post_id": 44566,
  "parent_slug": null,
  "depth": 0,
  "tags": [
    "main-forecast"
  ],
  "cost_usd": 2.57986425,
  "duration_seconds": 380.191,
  "resolved": false,
  "resolution": null,
  "resolved_at": null,
  "resolution_source": null,
  "score": null
}