{
  "slug": "what-will-be-the-total-tokenized-real-world-asset-44558",
  "question": "What will be the total tokenized real-world asset (RWA) value on Solana on July 23, 2026?",
  "question_type": "numeric",
  "probability": null,
  "probabilities": null,
  "median": 3.57,
  "confidence_interval": [
    3.37,
    3.9
  ],
  "percentiles": {
    "1": 3.2,
    "5": 3.31,
    "10": 3.37,
    "20": 3.43,
    "25": 3.45,
    "30": 3.48,
    "40": 3.52,
    "50": 3.57,
    "60": 3.62,
    "70": 3.68,
    "75": 3.72,
    "80": 3.77,
    "90": 3.9,
    "95": 4.0,
    "99": 4.23
  },
  "cdf": [
    0.0010988,
    0.001540048,
    0.001981296,
    0.002422544,
    0.002863792,
    0.00330504,
    0.003746288,
    0.004187536,
    0.004628784,
    0.005070032,
    0.00551128,
    0.005952528,
    0.006393776,
    0.006835024,
    0.007276272,
    0.00771752,
    0.008158768,
    0.008600016,
    0.009041264,
    0.009482512,
    0.00992376,
    0.010365008,
    0.0108065883,
    0.0112591726,
    0.0118458133,
    0.0130332531,
    0.0152112431,
    0.0179900322,
    0.0209028777,
    0.0238267273,
    0.0267509091,
    0.0296750909,
    0.0325992727,
    0.0355234545,
    0.0384476364,
    0.0413719424,
    0.0443007344,
    0.0472919766,
    0.0506581285,
    0.0550682849,
    0.0608138237,
    0.0672832094,
    0.0739070393,
    0.0805439945,
    0.087203436,
    0.0941368915,
    0.1023545914,
    0.1129415183,
    0.1253807111,
    0.1384850663,
    0.1517004407,
    0.164931733,
    0.1782740444,
    0.1922808572,
    0.2081178221,
    0.22605,
    0.2439821779,
    0.2598200243,
    0.2738569098,
    0.2875849154,
    0.3027959076,
    0.3206266484,
    0.3400504253,
    0.359812309,
    0.3793900109,
    0.3980123232,
    0.4150580109,
    0.4311474275,
    0.4470234711,
    0.462882,
    0.47874,
    0.494598,
    0.510456,
    0.526314,
    0.5421718237,
    0.5580236329,
    0.5737984795,
    0.5891834447,
    0.6037241114,
    0.6174204795,
    0.6307269662,
    0.6439564904,
    0.6571795593,
    0.6703878562,
    0.6834183424,
    0.695651936,
    0.7065716758,
    0.7166942585,
    0.726630273,
    0.7364450055,
    0.7457811616,
    0.7543290055,
    0.7623987137,
    0.7703615525,
    0.77830951,
    0.7861813223,
    0.7936974978,
    0.8005575795,
    0.8069047262,
    0.8130676739,
    0.819199939,
    0.82533,
    0.83146,
    0.83759,
    0.84372,
    0.84985,
    0.85598,
    0.86211,
    0.86824,
    0.8743698576,
    0.8804948573,
    0.886557695,
    0.8923056284,
    0.8973716284,
    0.901755695,
    0.9058248573,
    0.9098318576,
    0.913834,
    0.917836,
    0.921838,
    0.92584,
    0.929842,
    0.9338436551,
    0.9378338875,
    0.9416849637,
    0.9449123847,
    0.9471115723,
    0.9486871049,
    0.9501234812,
    0.9515484348,
    0.9529730435,
    0.9543976522,
    0.9558222609,
    0.9572468696,
    0.9586714783,
    0.960096087,
    0.9615206957,
    0.9629453043,
    0.964369913,
    0.9657945217,
    0.9672191304,
    0.9686437391,
    0.9700683478,
    0.9714929565,
    0.9729175652,
    0.9743421739,
    0.9757667826,
    0.9771913913,
    0.978616,
    0.9800406087,
    0.9814651785,
    0.9828883428,
    0.9842919415,
    0.9855780807,
    0.9865371329,
    0.987077809,
    0.9873917037,
    0.9876572108,
    0.987918813,
    0.9881802984,
    0.9884417838,
    0.9887032692,
    0.9889647546,
    0.98922624,
    0.9894877254,
    0.9897492108,
    0.9900106962,
    0.9902721816,
    0.990533667,
    0.9907951524,
    0.9910566378,
    0.9913181232,
    0.9915796086,
    0.9918410941,
    0.9921025795,
    0.9923640649,
    0.9926255503,
    0.9928870357,
    0.9931485211,
    0.9934100065,
    0.9936714919,
    0.9939329773,
    0.9941944627,
    0.9944559481,
    0.9947174335,
    0.9949789189,
    0.9952404043,
    0.9955018897,
    0.9957633751,
    0.9960248605,
    0.9962863459,
    0.9965478314,
    0.9968093168,
    0.9970708022,
    0.9973322876,
    0.997593773,
    0.9978552584,
    0.9981167438,
    0.9983782292,
    0.9986397146,
    0.9989012
  ],
  "numeric_bounds": {
    "range_min": 3.0,
    "range_max": 4.6,
    "open_lower_bound": true,
    "open_upper_bound": true,
    "zero_point": null
  },
  "factors": [
    {
      "description": "Strong upward momentum: +19.93% 30-day growth, current $3.42B, sticky inflows over 12-day horizon",
      "supports": {
        "center": 3.64,
        "low": 3.42,
        "high": 3.9
      },
      "logit": 1.5,
      "confidence": 0.8,
      "conditional": null,
      "effective_logit": 1.2000000000000002
    },
    {
      "description": "RWA value rarely drops materially (inflow-driven) — downside floored near current level, right-skew",
      "supports": {
        "center": 3.6,
        "low": 3.42,
        "high": 4.0
      },
      "logit": 1.0,
      "confidence": 0.75,
      "conditional": null,
      "effective_logit": 0.75
    },
    {
      "description": "Lumpy growth: a big inflow week (~$540M/15% precedent) could spike value toward $4B+",
      "supports": {
        "center": 3.7,
        "low": 3.5,
        "high": 4.2
      },
      "logit": 0.5,
      "confidence": 0.6,
      "conditional": null,
      "effective_logit": 0.3
    },
    {
      "description": "Peak-period growth may not be sustainable; inflows could stall/consolidate after all-time high",
      "supports": {
        "center": 3.48,
        "low": 3.4,
        "high": 3.6
      },
      "logit": -0.5,
      "confidence": 0.55,
      "conditional": null,
      "effective_logit": -0.275
    }
  ],
  "summary": "Measurement question: total Solana RWA value (Distributed + Represented) on July 23, 2026. Current combined value is $3.42B as of July 11 (per question description), growing ~18-20%/month via sticky inflows. Over the 12-day horizon, a scenario-mixture Monte Carlo (base continuation / deceleration / acceleration / stall) yields a right-skewed distribution centered ~$3.57-3.60B, with a downside floor near the current $3.42B (RWA value rarely drops materially) and an upside tail to ~$4.2B if another large single-week inflow lands. Bounds 3-4.6 are open.",
  "reasoning": "My forecast is submitted.\n\n**Summary:** The question asks for Solana's total tokenized RWA value (Distributed + Represented Asset Value) on July 23, 2026, a 12-day forward projection from the known July 11 value of $3.42B.\n\n**Approach:** This is a measurement question with a clear current anchor and trend supplied in the description (+19.93% 30-day growth, driven by sticky inflows). I ran a scenario-mixture Monte Carlo (base continuation / deceleration / acceleration / stall) over the 12-day horizon.\n\n**Result:** A right-skewed distribution:\n- **Median: $3.57B**\n- **P10–P90: $3.37B – $3.90B**\n- Downside floored near the current $3.42B (RWA value rarely drops materially since it's inflow-driven), with an upside tail to ~$4.2B if another large single-week inflow lands.\n\nThe premortem reviewer returned \"warn\" (its own estimate of ~3.55 median sits well within my range), primarily flagging documentation concerns — though the core figures come directly from the question description. I shaded my median slightly down toward the conservative end to account for the risk of extrapolating peak-period growth.",
  "created_at": "2026-07-13T01:33:23.391024Z",
  "updated_at": "2026-07-13T01:33:23.391024Z",
  "stale_after": "2026-07-13T03:19:45Z",
  "resolvable_after": "2026-07-24T00:00:00Z",
  "state": "fresh",
  "superseded_by": null,
  "revision_history": [],
  "agent_version": "6.3.0",
  "parent_post_id": 44558,
  "parent_slug": null,
  "depth": 0,
  "tags": [
    "main-forecast"
  ],
  "cost_usd": 1.8083145,
  "duration_seconds": 200.827,
  "resolved": false,
  "resolution": null,
  "resolved_at": null,
  "resolution_source": null,
  "score": null
}